­]®ß¿¤,¤TÆW¶m,2016,5,3,116.86,86.8,11,21.5,26.9,18.8,39,12,24.3,30.4,19.0,0,13,25.4,33.2,20.9,62,14,25.3,31.6,21.8,221,15,25.9,30.6,22.5,224,16,20.9,23.5,18.3,60,17,19.7,22.4,17.5,22,18,22.2,27.1,18.0,37,19,24.0,30.3,18.8,44,20,22.1,30.5,19.7,0
­]®ß¿¤,¤TÆW¶m,2016,5,2,86.8,27.14,1,21.2,24.2,19.1,0,2,24.8,31.6,18.4,236,3,27.3,31.9,22.9,242,4,25.4,30.0,22.9,230,5,26.2,32.6,22.5,202,6,27.1,33.9,21.1,221,7,26.7,32.3,23.6,245,8,25.8,30.8,22.0,0,9,26.8,32.2,22.2,211,10,26.0,30.7,22.1,233
­]®ß¿¤,¤TÆW¶m,2016,5,1,27.14,17,21,25.5,33.4,19.6,239,22,24.5,28.8,21.2,94,23,24.9,31.1,19.9,249,24,24.1,29.5,21.7,0,25,23.9,27.4,21.1,265,26,24.5,28.9,21.8,218,27,25.3,31.6,21.8,232,28,22.1,24.6,19.1,50,29,21.5,28.2,16.0,96,30,20.2,25.2,16.0,0
­]®ß¿¤,¤TÆW¶m,2016,4,3,17,26.83,11,19.8,21.8,18.7,73,12,20.6,25.2,18.2,0,13,20.7,26.2,18.5,60,14,21.4,23.8,20.0,40,15,20.5,23.4,18.7,225,16,24.9,29.8,19.5,240,17,23.1,28.2,20.4,73,18,18.7,23.0,15.9,41,19,21.6,29.9,14.3,223,20,22.7,30.7,18.5,216
­]®ß¿¤,¤TÆW¶m,2016,4,2,26.83,99999,1,20.7,24.5,18.2,0,2,21.6,28.2,17.8,218,3,22.9,29.9,18.1,227,4,22.6,28.3,20.1,190,5,22.0,27.1,18.7,204,6,22.6,31.3,16.5,212,7,25.1,32.7,19.2,64,8,22.3,29.0,19.3,222,9,21.7,25.4,20.1,125,10,21.4,27.3,18.7,252
­]®ß¿¤,¤TÆW¶m,2016,3,1,9,5,21,14.5,18.0,10.5,73,22,15.3,20.5,13.3,0,23,13.5,15.2,12.2,37,24,13.7,15.2,12.7,65,25,13.9,15.4,12.4,58,26,13.4,14.9,12.4,31,27,13.8,15.1,12.7,0,28,16.5,24.7,10.1,8,29,15.1,20.2,10.7,60
­]®ß¿¤,¤TÆW¶m,2016,2,3,5,29.8,11,17.2,22.7,12.6,89,12,20.0,27.9,14.9,220,13,22.1,30.7,14.9,191,14,14.4,21.8,9.1,59,15,9.8,11.7,7.9,60,16,10.9,11.7,10.1,67,17,12.1,15.1,10.8,0,18,15.3,21.7,11.9,0,19,14.2,16.6,13.0,80,20,12.8,14.0,11.4,66
­]®ß¿¤,¤TÆW¶m,2016,2,2,29.8,99999,1,12.8,16.4,10.7,55,2,11.7,12.9,10.6,66,3,13.3,15.9,11.7,28,4,14.4,15.9,12.3,0,5,12.8,15.2,11.2,43,6,9.9,12.2,7.6,57,7,9.6,16.4,3.8,64,8,9.6,19.9,1.9,57,9,10.2,20.5,0.9,245,10,14.4,24.9,5.4,206
­]®ß¿¤,¤TÆW¶m,2016,1,3,4.6,2.4,11,16.0,18.1,14.7,32,12,15.3,17.8,13.5,65,13,13.2,14.7,12.0,38,14,13.6,16.3,11.8,51,15,14.1,16.3,12.3,0,16,17.6,23.2,13.6,25,17,15.9,17.5,13.0,59,18,13.6,17.2,11.1,67,19,13.2,15.3,12.1,70,20,14.9,18.7,12.1,75
­]®ß¿¤,¤TÆW¶m,2016,1,2,2.4,8.428571429,1,17.1,25.0,10.5,78,2,18.3,21.0,16.8,30,3,18.6,20.2,16.9,0,4,19.5,21.8,18.3,0,5,20.1,23.6,18.9,0,6,17.7,20.8,16.5,45,7,17.4,20.4,15.9,49,8,15.8,18.5,14.5,51,9,15.9,21.6,11.9,67,10,16.4,22.2,11.0,0
­]®ß¿¤,¤TÆW¶m,2016,1,1,8.428571429,29.11111111,21,18.8,21.8,16.3,64,22,20.7,27.6,16.8,233,23,20.8,26.9,17.1,0,24,19.8,24.7,18.4,232,25,16.6,19.2,14.9,38,26,16.3,18.0,14.8,49,27,16.0,18.0,14.4,25,28,15.7,19.4,13.7,70,29,16.3,21.5,13.2,34,30,15.6,17.4,13.1,53
­]®ß¿¤,¤TÆW¶m,2015,12,3,29.11111111,42.66666667,11,18.0,21.3,14.7,68,12,17.9,24.1,14.1,42,13,18.8,26.4,12.5,0,14,19.8,25.0,15.3,55,15,17.0,19.1,14.9,76,16,13.5,15.1,11.5,71,17,11.4,13.6,9.7,71,18,13.1,19.1,8.1,50,19,14.6,23.9,6.7,37,20,16.1,22.4,9.8,222
­]®ß¿¤,¤TÆW¶m,2015,12,2,42.66666667,16.33333333,1,20.6,27.1,16.1,56,2,20.7,25.4,15.8,93,3,18.1,20.3,16.4,63,4,15.4,17.6,12.9,67,5,19.3,26.1,12.7,101,6,16.9,17.9,15.8,51,7,17.6,20.9,14.2,59,8,18.6,24.6,13.8,57,9,19.6,25.5,15.1,248,10,18.4,22.1,16.5,28
­]®ß¿¤,¤TÆW¶m,2015,12,1,16.33333333,50,21,22.0,25.2,20.2,77,22,22.2,29.4,17.9,44,23,22.4,27.7,17.8,60,24,21.8,25.1,19.8,58,25,20.7,25.3,16.5,60,26,15.5,19.2,12.6,46,27,14.1,18.9,9.6,72,28,16.0,,,107,29,19.3,26.9,13.3,22,30,20.5,25.4,16.5,57
­]®ß¿¤,¤TÆW¶m,2015,11,3,50,160.7,11,20.3,25.3,16.7,52,12,22.9,29.9,18.4,37,13,23.1,26.5,20.4,246,14,23.1,28.8,19.5,76,15,23.5,32.1,18.1,85,16,22.9,30.6,18.2,226,17,23.7,32.4,18.5,255,18,24.3,31.6,20.3,227,19,23.9,29.1,19.0,66,20,22.5,31.2,16.1,0
­]®ß¿¤,¤TÆW¶m,2015,11,2,160.7,33.4,1,21.8,25.7,19.5,30,2,20.3,22.1,18.2,56,3,22.8,27.8,18.1,60,4,23.3,30.6,18.8,228,5,23.9,31.2,19.8,140,6,24.5,30.7,20.2,227,7,23.9,30.2,20.1,225,8,23.8,31.2,18.9,224,9,23.9,30.0,21.0,76,10,21.0,23.7,17.2,63
­]®ß¿¤,¤TÆW¶m,2015,11,1,33.4,75.6,21,24.1,26.4,22.8,37,22,24.6,29.5,21.6,65,23,24.9,28.2,22.9,68,24,24.7,28.6,21.9,82,25,23.9,29.8,20.0,37,26,23.8,30.9,19.3,208,27,24.7,30.6,20.8,216,28,23.7,30.3,19.2,179,29,23.6,30.0,19.9,216,30,23.3,29.6,18.4,49
­]®ß¿¤,¤TÆW¶m,2015,10,3,75.6,52.4,11,21.2,23.6,18.2,57,12,21.5,25.9,17.9,90,13,21.2,27.0,15.8,59,14,21.3,28.8,15.6,28,15,22.1,28.9,16.3,60,16,22.1,28.6,15.2,65,17,23.2,28.9,17.6,68,18,22.5,28.4,16.4,41,19,23.5,30.8,18.6,30,20,24.4,29.8,21.2,0
­]®ß¿¤,¤TÆW¶m,2015,10,2,52.4,57.6,1,26.7,30.8,23.6,196,2,24.9,27.8,22.5,30,3,26.0,32.8,21.2,95,4,26.7,33.2,22.9,220,5,26.6,32.1,23.2,255,6,26.4,32.1,23.2,38,7,25.5,30.2,21.6,0,8,24.8,28.0,22.9,223,9,22.8,25.9,21.3,27,10,22.3,24.0,20.2,68
­]®ß¿¤,¤TÆW¶m,2015,10,1,57.6,362.9,21,25.5,31.3,22.8,220,22,26.3,33.1,21.4,207,23,26.3,32.2,22.1,214,24,25.9,30.8,22.5,59,25,26.7,32.5,22.6,59,26,26.1,30.6,23.3,76,27,23.9,27.5,22.1,49,28,25.1,27.2,22.8,34,29,25.9,28.8,24.5,33,30,26.2,33.6,23.3,68
­]®ß¿¤,¤TÆW¶m,2015,9,3,362.9,142.4,11,24.1,31.3,19.2,4,12,24.9,32.9,19.2,28,13,25.9,33.0,18.9,62,14,26.9,34.0,21.9,69,15,26.3,32.9,21.6,58,16,26.2,32.6,22.5,45,17,25.8,32.1,21.6,51,18,25.0,32.0,19.4,67,19,25.0,32.7,18.7,40,20,25.5,30.9,21.2,157
­]®ß¿¤,¤TÆW¶m,2015,9,2,142.4,109,1,25.5,30.3,22.7,0,2,26.0,31.7,22.5,108,3,26.8,33.1,22.9,197,4,26.9,32.7,23.8,0,5,26.5,32.3,23.6,220,6,27.9,34.0,22.2,223,7,24.3,27.1,21.8,35,8,25.5,31.7,19.5,52,9,25.6,31.5,20.9,46,10,24.4,31.4,18.1,47
­]®ß¿¤,¤TÆW¶m,2015,9,1,109,99999,21,28.8,35.9,22.8,196,22,29.5,36.5,23.8,54,23,26.9,30.4,25.2,82,24,27.2,31.6,24.4,218,25,26.5,31.8,24.5,61,26,25.4,28.9,23.8,0,27,24.7,27.5,23.4,0,28,25.3,29.5,23.3,226,29,24.5,29.4,22.9,51,30,24.5,27.5,22.5,0
­]®ß¿¤,¤TÆW¶m,2015,8,2,73.6,155.3,1,27.5,34.3,22.0,153,2,27.7,35.5,23.0,217,3,27.4,34.2,23.2,216,4,27.8,35.1,22.5,191,5,25.7,32.6,22.4,84,6,27.5,33.9,21.0,46,7,26.9,31.7,24.6,53,8,25.3,28.9,23.9,28,9,25.9,28.4,23.9,58,10,27.9,35.0,15.2,202
­]®ß¿¤,¤TÆW¶m,2015,8,1,155.3,32.3,21,28.7,34.9,23.6,221,22,27.7,33.0,24.1,207,23,28.1,34.5,23.7,81,24,27.3,34.2,21.9,73,25,28.0,35.2,22.5,218,26,27.9,34.7,23.2,208,27,26.8,34.3,23.0,225,28,26.6,35.1,21.8,68,29,26.2,32.5,20.6,171,30,26.8,33.1,21.8,210
­]®ß¿¤,¤TÆW¶m,2015,7,3,32.3,27.2,11,29.1,30.9,25.7,217,12,29.8,33.5,26.2,216,13,28.7,34.0,24.4,100,14,28.4,34.3,23.8,216,15,28.0,33.4,23.9,224,16,27.9,33.5,23.5,176,17,28.2,33.9,24.8,180,18,27.9,34.0,23.7,0,19,26.5,31.7,24.3,206,20,27.6,33.2,23.7,50
­]®ß¿¤,¤TÆW¶m,2015,7,2,27.2,36.1,1,30.5,34.7,26.4,226,2,30.4,35.6,25.4,217,3,28.3,35.0,24.1,155,4,27.7,33.6,24.6,47,5,29.5,35.8,24.3,206,6,28.6,34.6,25.6,195,7,28.0,33.9,25.1,52,8,26.1,29.0,26.7,67,9,28.3,34.1,25.7,38,10,25.2,25.8,24.2,35
­]®ß¿¤,¤TÆW¶m,2015,7,1,36.1,99999,21,27.6,34.4,24.1,74,22,26.8,28.7,-8.0,48,23,X,34.1,X,64,24,26.1,28.3,24.9,189,25,28.8,34.4,23.8,219,26,30.2,34.5,25.0,205,27,30.4,34.6,25.6,222,28,29.8,34.9,25.2,218,29,28.9,33.8,24.0,218,30,29.8,34.4,23.9,214
­]®ß¿¤,¤TÆW¶m,2015,6,2,90.1,222.4,1,25.9,31.5,22.7,227,2,27.4,33.7,22.5,237,3,27.3,32.7,22.5,227,4,26.7,31.9,23.4,221,5,28.3,34.1,24.0,227,6,26.1,30.8,24.4,0,7,26.9,30.9,24.0,231,8,27.0,32.8,22.6,222,9,27.4,33.8,20.9,228,10,28.2,34.4,22.4,248
­]®ß¿¤,¤TÆW¶m,2015,6,1,222.4,99999,21,21.2,23.2,18.6,69,22,23.3,26.9,20.5,57,23,23.4,24.1,14.7,210,24,23.4,25.6,14.4,235,25,22.8,25.0,21.5,75,26,22.9,25.0,14.4,0,27,26.0,29.5,X,188,28,28.1,33.6,27.0,226,29,29.7,33.9,25.8,229,30,29.3,33.6,24.0,230
­]®ß¿¤,¤TÆW¶m,2015,5,2,139.3,178.6,1,23.0,27.5,18.6,219,2,25.1,30.5,21.1,93,3,26.8,32.0,22.3,231,4,22.5,25.5,19.5,51,5,20.2,21.5,18.9,0,6,22.5,25.4,20.4,0,7,24.8,30.2,20.9,75,8,24.3,27.7,21.5,242,9,25.8,32.3,20.6,233,10,25.2,29.6,22.4,46
­]®ß¿¤,¤TÆW¶m,2015,5,1,178.6,52.9,21,18.4,20.9,17.1,49,22,19.0,22.3,16.9,66,23,22.0,28.7,16.0,106,24,23.1,27.9,20.4,48,25,22.7,30.0,17.4,11,26,23.1,31.6,16.6,11,27,24.3,29.5,20.9,225,28,24.6,30.3,20.6,232,29,24.8,29.9,22.1,86,30,25.0,31.3,20.0,11
­]®ß¿¤,¤TÆW¶m,2015,4,3,52.9,31.2,11,15.3,16.8,14.2,62,12,17.3,21.1,15.3,36,13,18.2,24.7,11.8,62,14,15.4,23.9,9.0,159,15,17.4,26.9,6.7,228,16,21.7,29.4,15.5,155,17,21.3,28.2,14.7,190,18,23.9,30.2,19.0,229,19,27.7,34.6,23.3,228,20,27.0,33.0,19.7,238
­]®ß¿¤,¤TÆW¶m,2015,4,2,31.2,36.5,1,24.6,30.9,20.5,82,2,24.5,32.7,18.4,231,3,24.7,32.3,18.4,230,4,25.0,32.0,19.6,61,5,25.3,33.2,19.8,231,6,24.8,33.4,19.4,40,7,19.2,21.8,15.7,59,8,15.5,15.3,13.9,75,9,17.1,20.6,14.1,62,10,17.1,18.6,15.2,69
­]®ß¿¤,¤TÆW¶m,2015,4,1,36.5,43.3,21,19.5,20.9,17.9,37,22,18.8,23.1,15.0,33,23,16.0,18.9,13.8,24,24,17.5,22.5,14.3,51,25,14.7,16.0,13.8,47,26,16.9,18.9,14.4,0,27,17.1,18.9,14.7,12,28,18.0,25.9,13.5,29,29,19.7,29.3,12.0,228,30,21.2,28.1,15.6,221
­]®ß¿¤,¤TÆW¶m,2015,3,3,43.3,7.5,11,12.1,13.0,10.9,74,12,13.2,14.6,12.2,47,13,17.6,25.5,12.6,154,14,19.0,26.5,13.5,207,15,21.0,27.6,15.1,226,16,21.8,27.5,18.6,178,17,22.9,29.3,19.9,229,18,24.1,32.0,19.6,227,19,22.7,29.3,17.7,212,20,21.4,28.7,19.6,135
­]®ß¿¤,¤TÆW¶m,2015,3,2,7.5,99999,1,13.7,16.5,11.6,52,2,13.9,17.0,11.7,75,3,18.2,25.3,12.8,54,4,14.5,16.1,13.5,61,5,15.5,17.4,13.6,50,6,15.8,19.1,13.4,40,7,16.7,20.1,15.2,19,8,17.3,23.4,14.7,157,9,17.1,20.2,14.1,58,10,13.8,17.5,11.3,60
­]®ß¿¤,¤TÆW¶m,2015,2,3,44.7,99999,11,12.9,19.8,6.8,201,12,13.9,20.8,6.5,42,13,12.7,25.2,2.5,195,14,15.4,24.3,7.1,201,15,18.2,26.5,12.9,132,16,18.3,26.1,13.0,11,17,17.1,27.1,9.6,8,18,16.2,23.7,10.6,25,19,15.7,22.9,11.2,33,20,15.2,22.8,10.9,198
­]®ß¿¤,¤TÆW¶m,2015,2,1,7.3,6.4,21,16.0,21.1,11.6,49,22,12.8,20.7,5.3,73,23,10.9,22.5,2.4,50,24,11.7,22.1,2.6,239,25,16.5,24.6,9.9,53,26,17.1,21.4,13.7,55,27,17.1,20.0,15.4,47,28,15.9,18.2,14.5,55,29,17.2,22.8,14.2,148,30,14.8,17.0,12.7,34
­]®ß¿¤,¤TÆW¶m,2015,1,3,6.4,20.9,11,14.4,21.2,8.1,38,12,15.9,22.2,15.2,44,13,17.6,24.3,13.8,229,14,15.1,18.3,13.4,68,15,13.9,19.3,8.9,47,16,13.9,21.7,7.9,38,17,14.2,17.8,10.5,44,18,14.5,21.3,8.8,62,19,14.8,18.8,8.8,54,20,15.2,24.1,7.8,124
­]®ß¿¤,¤TÆW¶m,2015,1,2,20.9,26.6,1,13.1,16.4,9.4,62,2,11.9,18.8,7.4,36,3,12.3,21.9,6.3,127,4,13.8,22.9,7.5,124,5,15.0,23.4,8.5,87,6,18.8,26.4,12.0,49,7,14.9,17.6,12.2,69,8,12.2,16.9,7.1,56,9,12.3,20.7,5.7,35,10,13.6,21.4,7.0,23
­]®ß¿¤,¤TÆW¶m,2015,1,1,26.6,2.6,21,13.2,17.1,8.3,70,22,11.6,16.9,5.1,62,23,13.1,20.5,4.7,206,24,17.6,24.4,12.8,32,25,15.5,18.7,12.7,44,26,16.0,20.0,12.9,27,27,15.1,17.1,13.0,63,28,13.7,14.8,12.4,25,29,13.1,18.2,7.0,58,30,12.1,22.2,4.9,5
­]®ß¿¤,¤TÆW¶m,2014,12,3,2.6,0,11,17.4,19.4,14.4,56,12,13.1,14.4,11.6,55,13,13.7,16.1,12.3,53,14,15.3,19.9,13.1,71,15,17.3,22.1,13.3,56,16,14.1,17.3,11.2,57,17,11.0,13.4,9.5,52,18,14.9,19.6,6.7,52,19,14.2,15.3,14.1,152,20,14.1,17.7,9.3,73
­]®ß¿¤,¤TÆW¶m,2014,12,2,0,0,1,17.6,22.2,13.7,51,2,15.3,17.6,13.2,56,3,18.8,25.3,14.1,201,4,13.8,18.5,11.2,59,5,14.1,17.4,9.0,53,6,16.1,21.2,7.3,34,7,15.9,24.8,8.9,61,8,17.4,19.7,14.4,63,9,19.6,24.2,16.8,64,10,19.8,24.2,17.0,35
­]®ß¿¤,¤TÆW¶m,2014,12,1,0,0,21,20.3,27.8,13.7,65,22,21.1,30.9,14.1,34,23,20.1,27.6,14.7,153,24,20.6,28.1,14.7,172,25,20.3,28.7,15.0,66,26,20.7,27.1,14.5,48,27,21.9,29.0,17.2,54,28,22.7,29.7,19.5,148,29,24.0,30.7,19.8,226,30,23.8,29.5,22.0,197
­]®ß¿¤,¤TÆW¶m,2014,11,3,0,146.1,11,21.2,27.7,17.1,25,12,20.4,22.8,18.4,62,13,18.5,20.8,16.5,69,14,19.2,23.4,16.4,34,15,20.6,25.7,16.1,66,16,21.3,25.9,16.4,33,17,19.0,21.2,16.4,56,18,19.0,22.4,16.5,43,19,19.2,25.1,14.8,32,20,19.0,26.7,13.5,33
­]®ß¿¤,¤TÆW¶m,2014,11,2,146.1,157.7,1,23.6,31.4,18.1,43,2,21.3,24.2,19.4,69,3,20.2,21.3,17.2,55,4,19.7,23.5,14.7,46,5,19.8,27.5,14.8,102,6,21.3,28.7,15.9,30,7,21.8,27.2,18.1,69,8,21.7,27.6,17.6,50,9,21.0,23.0,17.7,47,10,20.7,27.4,15.9,38
­]®ß¿¤,¤TÆW¶m,2014,11,1,157.7,179.6,21,24.4,34.3,18.1,165,22,22.7,29.5,19.4,52,23,22.6,26.9,19.7,61,24,22.8,30.0,18.9,40,25,22.8,30.3,18.0,217,26,24.4,31.0,20.2,3,27,24.3,28.9,21.0,62,28,23.1,29.5,18.3,40,29,23.1,31.5,17.6,118,30,23.2,30.8,18.0,161
­]®ß¿¤,¤TÆW¶m,2014,10,3,179.6,178.6,11,23.0,24.9,22.0,68,12,23.4,28.3,20.0,70,13,22.6,28.0,18.7,53,14,21.0,26.3,16.8,60,15,20.4,26.7,14.7,49,16,19.5,27.2,12.7,66,17,21.5,29.2,15.2,40,18,22.5,30.7,16.4,49,19,23.0,31.6,17.1,123,20,23.6,32.0,17.8,105
­]®ß¿¤,¤TÆW¶m,2014,10,2,178.6,82.3,1,26.0,29.0,23.6,65,2,26.1,31.6,21.5,61,3,25.5,30.1,22.2,58,4,24.1,28.0,20.6,85,5,24.9,28.2,22.4,41,6,24.5,27.7,22.2,38,7,23.9,28.2,21.3,69,8,24.1,28.6,19.3,67,9,24.8,29.4,20.9,59,10,24.2,27.0,23.1,53
­]®ß¿¤,¤TÆW¶m,2014,10,1,82.3,111,21,27.6,31.5,24.4,173,22,25.1,27.0,-4.9,196,23,26.3,30.4,25.1,169,24,26.2,31.0,23.9,71,25,26.3,31.7,23.6,96,26,26.8,32.9,23.3,39,27,26.2,33.3,21.9,62,28,25.8,33.2,21.6,47,29,25.6,33.3,20.9,229,30,26.4,33.6,20.9,59
­]®ß¿¤,¤TÆW¶m,2014,9,3,111,318,11,28.3,33.9,24.2,184,12,27.9,34.6,24.4,159,13,27.6,34.5,23.1,88,14,29.8,37.3,23.4,67,15,30.4,39.7,23.7,207,16,28.5,36.9,24.6,181,17,28.3,35.6,24.1,60,18,29.9,38.7,24.1,77,19,29.5,37.5,23.4,200,20,29.4,37.0,25.4,67
­]®ß¿¤,¤TÆW¶m,2014,9,2,318,162.7,1,27.8,,,186,2,27.8,34.9,22.2,175,3,28.0,34.4,23.4,196,4,27.7,33.3,24.2,54,5,28.8,36.4,23.1,189,6,28.6,34.8,24.1,50,7,28.1,35.1,24.3,207,8,28.2,34.9,23.4,209,9,28.6,35.2,23.8,202,10,28.2,33.3,24.3,199
­]®ß¿¤,¤TÆW¶m,2014,9,1,162.7,61,21,27.1,33.2,21.8,215,22,27.6,34.3,22.3,201,23,27.4,33.9,23.3,149,24,27.6,33.8,22.2,169,25,28.4,33.9,23.8,16,26,28.1,34.3,24.8,234,27,27.6,33.9,23.9,127,28,28.2,33.9,23.0,70,29,28.8,34.3,25.5,83,30,27.1,34.6,23.2,65
­]®ß¿¤,¤TÆW¶m,2014,8,3,61,112,11,28.8,,,196,12,27.1,33.4,18.2,106,13,X,33.2,13.4,180,14,28.4,34.3,23.5,234,15,29.0,34.5,24.3,224,16,29.3,34.7,25.3,120,17,28.6,34.8,24.9,192,18,26.9,33.6,22.9,70,19,26.3,32.7,22.5,198,20,27.1,30.8,23.5,149
­]®ß¿¤,¤TÆW¶m,2014,8,2,112,106.2,1,30.6,35.9,27.1,230,2,30.8,36.1,25.2,231,3,29.2,36.0,24.1,135,4,28.0,34.0,25.7,71,5,26.9,32.3,25.1,207,6,28.6,34.2,25.2,201,7,28.9,,,198,8,29.4,,,213,9,29.5,,,226,10,28.9,,,223
­]®ß¿¤,¤TÆW¶m,2014,8,1,106.2,69.5,21,29.1,35.7,24.5,258,22,28.6,35.7,24.5,37,23,25.8,31.4,24.3,51,24,28.2,33.1,24.4,102,25,27.3,34.4,23.3,241,26,29.7,33.3,13.1,0,27,28.1,32.2,25.3,0,28,28.3,33.1,24.6,303,29,28.4,34.1,24.9,52,30,29.1,34.9,24.6,70
­]®ß¿¤,¤TÆW¶m,2014,7,3,69.5,99999,11,29.2,34.1,25.0,206,12,29.4,34.8,24.7,126,13,29.6,35.6,24.7,230,14,29.1,35.2,24.4,90,15,28.6,34.2,24.3,217,16,28.1,34.3,23.1,61,17,29.2,35.9,24.0,0,18,28.4,35.0,24.8,216,19,27.6,33.2,24.5,0,20,28.6,33.5,25.2,226
­]®ß¿¤,¤TÆW¶m,2014,7,1,30.4,63.5,21,28.3,33.3,24.1,233,22,28.7,33.3,24.9,222,23,28.3,32.1,25.1,233,24,27.6,32.3,25.1,224,25,28.0,32.7,24.7,226,26,28.0,32.5,24.0,228,27,28.0,32.5,26.0,214,28,28.7,34.4,24.8,240,29,28.4,34.3,24.9,240,30,27.3,31.9,25.0,80
­]®ß¿¤,¤TÆW¶m,2014,6,3,63.5,65.2,11,24.8,26.8,23.3,78,12,26.3,32.6,22.5,49,13,27.1,34.0,22.7,115,14,26.6,31.0,23.7,0,15,26.1,28.2,24.9,0,16,27.5,32.1,24.0,9,17,29.8,33.1,25.1,225,18,29.2,33.4,25.6,229,19,28.5,32.4,24.6,223,20,28.1,32.7,25.2,228
­]®ß¿¤,¤TÆW¶m,2014,6,2,65.2,153.2,1,26.9,32.4,24.0,220,2,28.3,33.1,23.1,236,3,26.0,29.1,23.5,272,4,26.2,30.6,23.6,218,5,26.2,30.6,10.8,219,6,25.3,28.2,-6.8,242,7,25.3,28.1,23.1,241,8,25.7,30.6,24.0,50,9,26.2,28.8,23.3,27,10,25.2,26.4,24.7,20
­]®ß¿¤,¤TÆW¶m,2014,6,1,153.2,0,21,22.6,24.1,20.7,66,22,24.2,29.0,21.9,0,23,23.5,24.7,22.8,48,24,25.8,31.4,22.0,222,25,26.6,31.2,22.5,230,26,27.7,33.3,22.7,225,27,27.0,31.8,25.6,226,28,27.6,32.2,25.2,108,29,26.6,30.8,24.5,231,30,25.7,30.2,23.7,228
­]®ß¿¤,¤TÆW¶m,2014,5,3,0,214.17,11,25.8,32.4,20.7,59,12,26.4,33.5,22.9,244,13,24.5,28.4,21.9,198,14,29.2,33.2,21.4,228,15,26.4,30.5,11.1,228,16,25.0,28.2,-9.7,0,17,26.3,33.3,23.5,225,18,25.3,32.6,23.1,215,19,23.8,25.8,22.8,232,20,25.3,27.3,23.4,123
­]®ß¿¤,¤TÆW¶m,2014,5,2,214.17,117.57,1,20.3,21.5,18.9,0,2,23.5,29.5,18.7,9,3,24.0,29.2,20.8,56,4,23.6,27.8,20.8,265,5,18.9,22.8,14.8,50,6,17.2,19.1,14.6,67,7,20.3,21.8,18.2,0,8,22.8,28.5,20.1,103,9,22.4,24.5,20.8,0,10,23.6,27.8,21.2,221
­]®ß¿¤,¤TÆW¶m,2014,5,1,117.57,21,21,23.2,27.8,20.1,50,22,21.3,24.2,18.8,46,23,20.6,24.4,18.5,73,24,21.8,27.2,19.1,33,25,23.4,30.0,21.1,46,26,22.8,26.8,20.9,0,27,23.1,27.8,20.5,252,28,23.4,28.0,20.0,78,29,20.8,25.5,16.8,45,30,20.0,23.5,18.1,0
­]®ß¿¤,¤TÆW¶m,2014,4,3,21,12.5,11,21.6,29.1,15.9,218,12,23.2,29.7,17.3,236,13,24.3,30.9,18.6,225,14,20.2,23.3,17.6,63,15,21.0,27.0,14.0,2,16,22.2,28.8,18.6,197,17,23.4,30.0,17.7,216,18,23.5,30.4,18.8,218,19,23.7,29.7,21.6,219,20,22.9,25.8,20.7,40
­]®ß¿¤,¤TÆW¶m,2014,4,2,12.5,14.17,1,17.6,,,0,2,19.6,,,63,3,18.5,,,59,4,17.8,,,48,5,17.0,X,-12.2,0,6,20.0,26.9,13.3,37,7,18.5,19.3,17.5,0,8,21.5,27.2,18.0,299,9,21.4,25.0,17.8,73,10,22.0,30.6,15.6,67
­]®ß¿¤,¤TÆW¶m,2014,4,1,14.17,6.29,21,13.7,,,67,22,16.3,X,-38.7,25,23,17.0,X,-36.2,0,24,17.6,24.9,-34.0,236,25,18.2,26.0,-32.5,247,26,20.4,,,99,27,22.6,27.8,19.2,53,28,22.5,,,225,29,25.0,,,176,30,22.8,28.1,16.6,53
­]®ß¿¤,¤TÆW¶m,2014,3,3,6.29,1.71,11,16.5,21.4,14.1,76,12,16.4,19.7,14.6,0,13,15.4,17.3,12.9,51,14,14.4,18.4,-38.6,68,15,18.3,22.6,-39.0,235,16,16.3,21.5,-18.4,0,17,18.3,25.8,-32.8,225,18,21.3,,,0,19,23.3,34.7,-39.2,241,20,17.5,,,41
­]®ß¿¤,¤TÆW¶m,2014,3,2,1.71,4.33,1,19.2,25.4,15.0,283,2,14.8,18.4,13.2,53,3,14.6,16.6,12.8,49,4,15.3,18.7,14.3,0,5,14.6,17.2,13.0,62,6,13.2,13.9,12.1,73,7,14.7,18.9,12.5,75,8,13.8,15.4,11.7,0,9,12.9,14.1,11.3,55,10,13.7,15.4,11.4,70
­]®ß¿¤,¤TÆW¶m,2014,3,1,4.33,11.9,21,12.1,19.9,4.0,50,22,13.9,21.4,6.5,245,23,14.9,22.8,7.8,230,24,14.2,22.4,8.6,213,25,16.3,24.5,11.1,0,26,18.3,26.3,13.8,14,27,18.1,24.2,13.2,43,28,18.6,26.3,15.1,189
­]®ß¿¤,¤TÆW¶m,2014,2,3,11.9,5.3,11,7.5,8.5,6.5,77,12,11.6,15.1,8.4,36,13,12.5,13.8,11.2,29,14,11.0,11.7,10.0,29,15,12.1,13.6,10.8,62,16,15.8,22.0,12.1,250,17,18.2,25.3,13.7,234,18,15.4,22.0,11.7,59,19,10.6,11.8,9.9,58,20,11.4,15.4,8.6,57
­]®ß¿¤,¤TÆW¶m,2014,2,2,5.3,99999,1,16.3,25.6,9.4,17,2,19.0,25.9,12.3,293,3,20.0,26.2,15.0,44,4,16.7,19.8,13.9,60,5,17.0,20.9,13.8,0,6,18.3,23.0,16.5,71,7,17.2,18.4,16.1,0,8,14.2,16.2,13.1,52,9,12.5,13.8,10.5,41,10,8.8,10.7,7.7,61
­]®ß¿¤,¤TÆW¶m,2014,1,2,2.7,26,1,14.4,23.1,7.3,257,2,17.7,25.0,11.0,204,3,18.2,22.3,15.6,0,4,16.8,18.9,13.0,51,5,14.1,19.8,8.4,52,6,13.0,19.8,7.6,0,7,15.0,23.6,9.3,230,8,14.9,22.5,10.6,45,9,12.5,13.1,11.8,73,10,14.5,19.3,9.7,60
­]®ß¿¤,¤TÆW¶m,2014,1,1,26,19.6,21,12.4,14.0,11.3,59,22,13.9,16.8,12.0,45,23,15.7,19.7,13.0,66,24,14.7,16.6,12.8,53,25,15.7,18.7,14.1,33,26,13.4,16.0,10.2,56,27,10.1,12.3,8.5,64,28,11.9,16.0,7.3,60,29,11.0,12.0,9.7,88,30,13.3,17.1,10.7,34
­]®ß¿¤,¤TÆW¶m,2013,12,3,19.6,99999,11,15.1,16.4,14.3,64,12,16.4,19.2,14.1,85,13,17.6,19.5,15.8,55,14,19.8,25.2,16.2,77,15,19.0,20.7,18.2,42,16,18.7,23.9,14.5,38,17,15.3,16.4,14.2,41,18,12.9,14.5,12.2,69,19,12.2,13.9,11.1,64,20,13.2,15.2,11.8,52
­]®ß¿¤,¤TÆW¶m,2013,12,1,3.7,99999,21,18.5,25.7,13.6,60,22,17.9,23.4,13.7,0,23,18.5,28.0,11.4,223,24,19.3,25.0,13.3,229,25,16.8,19.0,13.3,59,26,17.8,24.3,11.3,30,27,17.7,22.7,13.8,61,28,13.1,15.2,12.2,62,29,12.1,17.2,5.8,90,30,12.1,21.8,4.6,64
­]®ß¿¤,¤TÆW¶m,2013,11,2,26.3,63.1,1,24.8,30.6,19.9,2,2,23.8,27.1,22.2,0,3,23.1,26.0,21.6,40,4,22.8,26.2,21.0,62,5,21.8,25.1,19.7,28,6,22.3,25.7,19.5,33,7,23.5,28.1,19.7,51,8,23.9,30.3,18.8,61,9,22.6,29.4,16.7,201,10,24.7,29.5,21.3,75
­]®ß¿¤,¤TÆW¶m,2013,11,1,63.1,53.4,21,22.7,26.5,20.7,51,22,21.8,25.8,19.4,54,23,21.8,25.0,20.0,39,24,18.8,20.5,18.2,61,25,19.1,22.0,16.9,68,26,18.4,22.8,12.6,60,27,18.7,25.7,12.0,33,28,19.2,27.3,13.2,33,29,19.7,27.5,13.2,25,30,21.0,28.5,15.2,65
­]®ß¿¤,¤TÆW¶m,2013,10,3,53.4,78.57,11,25.2,29.2,20.9,54,12,25.4,28.3,23.3,72,13,24.9,29.8,20.6,31,14,25.3,31.5,20.9,33,15,24.1,27.4,21.3,54,16,21.3,23.6,19.7,52,17,22.2,27.0,17.8,73,18,22.2,27.6,16.7,45,19,23.8,29.2,18.9,58,20,23.5,27.8,20.2,52
­]®ß¿¤,¤TÆW¶m,2013,10,2,78.57,103.43,1,25.8,29.7,21.7,43,2,24.6,29.1,21.3,50,3,23.7,26.7,21.6,56,4,23.7,27.3,21.7,37,5,22.7,24.2,21.3,44,6,23.4,24.4,22.0,51,7,25.1,31.6,20.6,2,8,25.4,29.4,22.5,158,9,25.0,28.6,22.2,69,10,25.3,29.6,22.2,27
­]®ß¿¤,¤TÆW¶m,2013,10,1,103.43,181.88,21,28.7,30.9,26.3,60,22,26.6,31.0,24.4,65,23,25.4,31.1,22.5,66,24,25.7,31.5,21.9,232,25,26.3,32.1,20.9,60,26,24.8,28.3,22.2,40,27,24.8,29.9,21.1,71,28,25.4,31.2,20.5,37,29,25.9,31.7,21.0,18,30,25.5,29.4,22.0,44
­]®ß¿¤,¤TÆW¶m,2013,9,3,181.88,205.6,11,26.6,32.4,22.3,16,12,27.4,32.0,22.8,67,13,26.1,32.1,23.2,56,14,26.2,31.8,22.5,35,15,27.5,32.6,23.7,55,16,26.9,32.2,21.6,59,17,25.4,31.4,20.3,70,18,25.9,31.9,19.8,54,19,28.0,33.6,22.4,57,20,27.5,31.3,23.5,59
­]®ß¿¤,¤TÆW¶m,2013,9,2,205.6,107.43,1,22.4,23.9,20.5,57,2,23.3,29.3,18.5,69,3,24.6,30.4,19.2,47,4,24.6,29.4,20.2,53,5,24.7,30.8,19.2,69,6,25.8,31.4,21.4,242,7,26.4,31.8,22.1,1,8,26.0,32.6,21.9,9,9,27.2,34.4,22.4,148,10,26.6,31.7,22.7,52
­]®ß¿¤,¤TÆW¶m,2013,9,1,107.43,99999,21,25.7,27.3,24.6,15,22,25.8,27.6,24.6,45,23,26.4,32.9,23.6,51,24,25.8,32.8,22.9,82,25,26.1,32.0,21.8,217,26,26.8,33.2,22.2,228,27,27.6,33.5,24.4,43,28,27.9,34.4,24.5,23,29,24.8,27.2,23.1,195,30,25.6,29.9,22.8,94
­]®ß¿¤,¤TÆW¶m,2013,8,1,67.1,56.9,21,27.9,33.0,24.7,27,22,28.2,34.2,24.4,9,23,28.1,33.7,24.2,189,24,27.5,33.5,22.4,17,25,26.6,33.1,22.8,127,26,26.3,32.4,23.4,93,27,27.3,32.3,22.9,223,28,27.0,33.3,23.0,147,29,27.5,33.9,22.8,4,30,27.6,33.3,23.1,44
­]®ß¿¤,¤TÆW¶m,2013,7,3,56.9,32.5,11,26.6,33.2,22.3,6,12,26.8,33.0,19.9,53,13,24.1,25.9,22.1,222,14,26.3,34.0,21.0,57,15,26.0,34.0,22.3,2,16,26.8,33.0,22.1,3,17,27.3,33.8,21.8,76,18,26.0,30.3,23.6,231,19,26.6,31.2,23.4,75,20,27.4,33.8,23.5,65
­]®ß¿¤,¤TÆW¶m,2013,7,2,32.5,21.1,1,28.1,34.5,22.6,10,2,28.2,34.2,23.8,72,3,27.4,33.9,22.2,213,4,28.0,34.2,22.7,233,5,28.3,34.7,23.2,206,6,27.0,34.0,23.1,248,7,26.9,34.3,22.5,50,8,26.1,34.5,21.5,180,9,25.6,33.3,22.6,55,10,25.7,32.3,21.6,288
­]®ß¿¤,¤TÆW¶m,2013,7,1,21.1,26.1,21,26.9,34.1,23.6,102,22,27.2,34.2,23.3,46,23,26.7,32.8,24.1,45,24,27.9,33.4,23.4,228,25,28.7,31.5,24.4,237,26,30.0,32.9,27.9,233,27,30.3,33.9,25.5,239,28,28.3,33.5,22.9,229,29,27.4,33.8,21.0,206,30,27.7,33.0,23.3,219
­]®ß¿¤,¤TÆW¶m,2013,5,3,26.1,50.7,11,22.1,25.7,20.8,5,12,21.9,23.0,20.8,0,13,23.1,26.6,21.2,0,14,24.6,29.7,20.1,75,15,24.3,30.1,21.1,0,16,25.1,30.2,22.1,64,17,26.7,32.7,23.2,242,18,28.4,33.7,24.3,231,19,28.0,31.6,24.6,226,20,26.4,32.4,22.0,230
­]®ß¿¤,¤TÆW¶m,2013,5,2,50.7,38.6,1,16.7,19.6,13.1,55,2,17.9,20.2,16.1,12,3,19.1,21.8,16.4,63,4,22.6,29.3,18.7,28,5,24.0,30.2,19.8,50,6,24.1,30.6,20.3,210,7,24.4,30.2,20.4,223,8,24.2,30.6,20.7,248,9,24.8,29.3,21.3,230,10,26.0,31.1,22.4,230
­]®ß¿¤,¤TÆW¶m,2013,5,1,38.6,21,21,16.1,17.7,15.0,58,22,18.2,22.3,15.8,63,23,21.1,26.3,16.9,61,24,22.5,29.8,17.7,185,25,20.8,23.3,19.6,31,26,19.9,24.6,16.8,55,27,20.7,25.7,16.2,39,28,21.8,27.4,18.6,0,29,23.0,30.0,17.0,238,30,24.6,30.4,19.3,228
­]®ß¿¤,¤TÆW¶m,2013,4,3,21,29.4,11,16.1,18.0,14.8,16,12,14.3,16.1,13.1,6,13,18.1,22.0,14.4,67,14,17.5,18.5,16.1,334,15,20.6,27.6,15.4,230,16,21.2,26.1,18.4,62,17,24.0,30.0,20.3,61,18,24.4,30.4,22.7,220,19,21.7,24.6,19.8,51,20,20.9,24.5,16.7,14
­]®ß¿¤,¤TÆW¶m,2013,4,2,29.4,99999,1,19.4,22.9,17.4,48,2,19.3,22.3,16.9,48,3,18.5,25.2,14.4,51,4,20.9,24.3,18.4,27,5,20.7,23.1,19.1,61,6,17.3,21.0,13.3,43,7,15.8,20.8,12.3,47,8,18.4,23.0,13.8,227,9,17.7,19.5,16.5,54,10,17.2,20.6,14.9,55
­]®ß¿¤,¤TÆW¶m,2013,3,3,8.3,23.4,11,17.2,21.6,12.4,57,12,18.1,26.5,11.1,80,13,20.0,27.7,14.8,37,14,14.6,16.1,13.0,54,15,15.9,18.9,13.5,52,16,18.2,24.5,13.1,13,17,19.8,26.6,14.3,200,18,21.7,27.4,16.7,240,19,22.2,27.8,19.3,242,20,23.0,27.2,18.2,47
­]®ß¿¤,¤TÆW¶m,2013,3,2,23.4,41.7,1,19.2,26.1,15.3,36,2,13.0,15.4,12.3,54,3,11.0,12.4,9.8,63,4,14.3,19.6,9.9,53,5,15.5,24.3,7.8,20,6,15.7,23.3,10.7,227,7,15.6,25.1,8.7,70,8,16.3,26.4,7.5,56,9,17.8,25.9,10.2,215,10,19.8,26.4,13.9,18
­]®ß¿¤,¤TÆW¶m,2013,3,1,41.7,99999,21,16.8,21.4,15.1,28,22,14.5,15.9,13.3,50,23,16.1,20.1,12.2,35,24,16.6,24.4,10.8,31,25,17.1,23.9,13.8,56,26,18.0,23.9,13.5,241,27,18.0,22.5,16.5,19,28,18.1,23.7,15.5,50
