©yÄõ¿¤,¥V¤s¶m,2016,5,3,8.67,14.33,11,21.4,23.7,19.6,23,12,25.2,31.1,19.4,308,13,25.8,31.6,22.1,93,14,26.0,30.1,23.2,63,15,26.4,32.8,23.6,315,16,21.2,24.7,17.5,322,17,19.5,21.0,17.3,299,18,24.5,29.9,19.9,32,19,25.0,29.5,21.6,99,20,25.3,29.3,22.6,118
©yÄõ¿¤,¥V¤s¶m,2016,5,2,14.33,8.11,1,22.8,27.5,20.1,8,2,25.4,31.7,20.2,317,3,26.7,32.2,22.7,52,4,26.1,29.2,23.7,91,5,26.5,31.3,23.6,7,6,28.4,33.7,23.6,14,7,27.9,34.0,24.8,69,8,26.8,32.6,24.0,15,9,27.2,32.7,23.4,319,10,27.5,33.0,23.5,327
©yÄõ¿¤,¥V¤s¶m,2016,5,1,8.11,3.89,21,26.7,32.8,21.3,322,22,24.8,29.7,22.4,61,23,26.1,30.6,21.8,322,24,24.9,28.6,22.1,13,25,24.8,29.5,21.5,50,26,25.9,30.0,22.1,6,27,25.5,28.7,23.4,1,28,21.7,24.7,19.0,29,29,21.5,26.5,17.7,27,30,22.2,26.2,19.1,44
©yÄõ¿¤,¥V¤s¶m,2016,4,3,3.89,1,11,20.3,22.0,19.2,20,12,22.9,28.7,18.5,92,13,22.4,25.9,20.4,117,14,20.8,22.3,19.8,93,15,20.8,22.5,18.1,311,16,24.9,30.5,20.9,320,17,21.8,26.5,20.5,98,18,20.5,24.9,17.7,88,19,19.7,21.8,17.8,292,20,24.4,31.0,17.7,13
©yÄõ¿¤,¥V¤s¶m,2016,4,2,1,0.22,1,20.3,22.2,18.3,74,2,23.3,28.0,18.6,49,3,24.1,29.9,19.7,323,4,22.7,26.8,21.3,70,5,23.8,28.5,20.6,26,6,25.8,32.4,20.2,303,7,27.5,34.1,22.9,69,8,23.6,26.9,21.4,129,9,22.4,26.2,21.2,112,10,22.5,27.8,20.2,110
©yÄõ¿¤,¥V¤s¶m,2016,4,1,0.22,0.4,21,17.5,19.1,16.6,218,22,20.3,25.9,17.1,87,23,18.1,20.1,15.1,30,24,13.6,15.5,11.8,312,25,12.7,15.3,11.1,290,26,14.5,19.3,10.7,1,27,14.2,19.9,10.8,322,28,15.4,21.6,8.4,82,29,17.8,25.5,10.9,45,30,20.8,27.8,14.8,35
©yÄõ¿¤,¥V¤s¶m,2016,3,3,0.4,0.9,11,12.2,13.6,11.3,258,12,14.6,17.6,11.9,311,13,18.9,25.1,13.6,318,14,14.6,17.5,13.0,262,15,14.4,15.8,13.4,305,16,18.0,22.0,14.2,11,17,20.1,23.8,17.5,121,18,21.8,28.3,17.3,314,19,21.9,26.5,19.9,24,20,19.3,21.4,17.4,1
©yÄõ¿¤,¥V¤s¶m,2016,3,2,0.9,0.6,1,14.5,17.9,12.2,16,2,16.2,22.8,11.0,105,3,18.1,26.2,11.5,151,4,20.3,27.1,14.4,22,5,21.8,27.4,17.4,23,6,22.3,27.8,18.0,133,7,22.0,26.3,19.1,27,8,23.0,28.1,18.4,19,9,18.0,22.2,15.0,8,10,13.8,15.5,11.7,18
©yÄõ¿¤,¥V¤s¶m,2016,3,1,0.6,0.3,21,14.2,15.6,13.1,212,22,19.5,26.3,12.8,308,23,17.2,20.2,14.6,344,24,13.3,15.3,12.0,285,25,13.2,14.4,12.0,278,26,14.0,15.4,13.2,265,27,17.0,22.3,13.8,6,28,18.3,22.2,15.8,29,29,15.9,17.8,12.8,324
©yÄõ¿¤,¥V¤s¶m,2016,2,3,0.3,2.8,11,20.5,26.0,15.8,17,12,21.4,26.5,17.1,86,13,22.7,28.9,17.3,42,14,17.7,22.8,12.8,335,15,12.1,13.3,10.5,289,16,11.9,13.5,11.1,286,17,12.9,15.0,11.3,204,18,15.3,18.2,12.7,281,19,20.1,25.7,15.5,11,20,15.3,18.5,12.5,329
©yÄõ¿¤,¥V¤s¶m,2016,2,2,2.8,0.1,1,15.3,17.3,12.1,330,2,12.9,15.1,11.9,247,3,13.8,14.9,12.4,278,4,16.9,20.5,13.9,316,5,15.5,17.0,13.3,326,6,11.8,14.0,9.7,273,7,11.7,16.4,7.2,3,8,12.8,20.3,5.8,64,9,15.2,23.5,7.6,108,10,18.2,26.1,11.8,132
©yÄõ¿¤,¥V¤s¶m,2016,2,1,0.1,0.3,21,17.3,20.9,14.4,322,22,16.2,19.6,14.3,309,23,11.7,15.8,7.6,288,24,6.3,7.9,5.1,303,25,8.1,10.4,5.7,304,26,12.7,16.2,9.5,296,27,17.1,22.6,12.6,138,28,18.4,21.9,15.9,104,29,18.3,20.6,16.9,91,30,17.4,19.5,15.5,6
©yÄõ¿¤,¥V¤s¶m,2016,1,3,0.3,0.8,11,18.4,20.2,16.1,274,12,16.3,18.6,14.5,306,13,14.2,15.2,13.2,159,14,14.6,15.9,12.8,165,15,16.1,18.2,14.3,322,16,17.0,18.9,15.0,320,17,18.6,24.2,15.8,322,18,15.0,16.6,13.8,322,19,13.2,14.5,12.5,256,20,13.9,15.4,12.3,280
©yÄõ¿¤,¥V¤s¶m,2016,1,2,0.8,2.444444444,1,16.3,20.7,14.6,290,2,19.4,24.9,13.7,28,3,19.6,21.2,18.7,88,4,21.3,25.4,18.5,18,5,21.0,25.5,18.7,127,6,19.8,24.2,18.5,16,7,16.8,19.3,15.7,116,8,16.6,19.1,14.8,286,9,15.6,17.2,14.3,253,10,18.5,23.7,13.6,311
©yÄõ¿¤,¥V¤s¶m,2016,1,1,2.444444444,2.666666667,21,20.6,24.9,18.4,136,22,22.3,28.4,17.9,296,23,21.9,26.0,18.8,91,24,22.6,28.6,18.8,140,25,18.4,21.3,17.0,8,26,17.2,18.2,16.3,151,27,18.0,20.9,15.2,4,28,15.6,18.2,14.0,318,29,16.0,18.0,14.0,269,30,16.0,17.0,15.3,316
©yÄõ¿¤,¥V¤s¶m,2015,12,3,2.666666667,3.111111111,11,18.4,20.2,16.9,341,12,17.4,18.9,16.7,300,13,20.8,25.4,17.3,9,14,20.0,21.3,18.2,34,15,17.3,18.5,15.3,16,16,14.7,16.1,12.9,287,17,12.3,13.2,11.1,262,18,14.8,16.3,12.5,273,19,17.4,21.9,14.2,308,20,20.3,24.0,17.6,54
©yÄõ¿¤,¥V¤s¶m,2015,12,2,3.111111111,1.333333333,1,20.6,23.1,19.3,7,2,21.9,27.0,17.5,9,3,17.8,21.1,16.1,5,4,16.5,18.1,14.7,304,5,18.6,22.9,15.1,302,6,19.0,22.4,17.0,49,7,17.9,19.1,16.8,159,8,18.0,18.8,17.0,277,9,20.1,23.2,19.5,125,10,20.3,23.3,18.5,136
©yÄõ¿¤,¥V¤s¶m,2015,12,1,1.333333333,4.3,21,21.9,24.1,20.7,135,22,22.4,27.8,19.9,34,23,24.1,28.7,20.9,344,24,22.7,24.5,21.1,315,25,20.5,23.1,17.7,41,26,16.0,18.3,12.3,317,27,15.0,17.4,13.3,270,28,18.0,24.5,12.2,21,29,21.4,29.1,15.4,108,30,20.7,23.5,19.5,288
©yÄõ¿¤,¥V¤s¶m,2015,11,3,4.3,9.9,11,19.8,21.0,18.8,313,12,22.0,25.4,19.6,308,13,24.2,30.9,20.1,51,14,23.6,28.8,22.1,38,15,22.3,23.3,21.6,313,16,25.1,30.7,21.5,48,17,25.5,30.8,21.4,65,18,26.0,31.2,21.8,321,19,23.1,24.1,21.8,313,20,23.2,25.6,21.5,127
©yÄõ¿¤,¥V¤s¶m,2015,11,2,9.9,15.9,1,20.4,21.2,19.5,233,2,19.7,20.6,19.0,148,3,20.9,22.2,19.5,282,4,24.0,28.5,21.1,97,5,25.2,29.9,21.3,60,6,25.7,31.1,22.9,123,7,26.5,31.6,22.9,17,8,26.1,30.9,22.3,78,9,23.6,27.3,20.5,14,10,20.0,21.1,18.7,190
©yÄõ¿¤,¥V¤s¶m,2015,11,1,15.9,9.8,21,22.2,24.1,20.9,33,22,23.0,25.1,21.1,2,23,24.5,28.6,22.5,6,24,24.4,26.3,22.7,318,25,23.7,26.5,21.8,12,26,23.1,27.1,20.9,134,27,24.8,30.6,19.6,62,28,23.4,25.3,22.3,28,29,25.3,30.6,21.4,97,30,24.3,29.2,21.7,90
©yÄõ¿¤,¥V¤s¶m,2015,10,3,9.8,13.2,11,21.4,24.0,19.7,227,12,21.9,25.5,20.2,306,13,21.1,23.6,17.8,306,14,22.9,28.1,18.2,26,15,24.1,29.0,20.0,30,16,24.0,27.5,21.3,42,17,24.2,28.3,20.9,325,18,22.1,23.9,21.4,317,19,22.6,24.5,21.7,162,20,22.8,25.7,21.3,133
©yÄõ¿¤,¥V¤s¶m,2015,10,2,13.2,57.1,1,29.0,34.7,25.6,X,2,24.7,26.6,23.9,316,3,27.4,32.8,23.9,117,4,28.3,33.2,25.1,126,5,27.7,33.0,24.1,64,6,26.0,28.8,23.8,33,7,25.4,28.2,23.0,87,8,25.6,30.5,22.5,3,9,22.7,24.5,21.0,26,10,23.6,27.5,21.1,318
©yÄõ¿¤,¥V¤s¶m,2015,10,1,57.1,56.1,21,25.4,29.5,22.7,66,22,27.5,33.2,23.3,63,23,28.0,32.5,24.4,52,24,27.3,31.9,25.5,143,25,26.3,28.4,24.7,104,26,25.7,27.8,23.4,319,27,25.1,28.8,22.7,295,28,25.9,28.3,23.8,329,29,28.4,31.6,25.6,150,30,29.0,35.3,24.8,X
©yÄõ¿¤,¥V¤s¶m,2015,9,3,56.1,57.8,11,25.9,31.1,20.9,99,12,26.1,30.5,22.6,97,13,25.7,31.6,21.0,29,14,26.1,30.8,22.4,136,15,26.6,31.9,23.4,70,16,26.0,30.5,23.4,17,17,26.1,30.4,23.9,93,18,25.3,30.2,21.1,96,19,25.1,30.0,19.9,25,20,25.0,29.5,22.8,26
©yÄõ¿¤,¥V¤s¶m,2015,9,2,57.8,40.8,1,26.9,32.1,24.4,56,2,26.0,32.9,23.3,42,3,26.8,32.6,22.8,31,4,27.8,32.6,23.8,96,5,28.4,33.5,24.9,23,6,28.9,34.1,24.9,23,7,24.8,27.2,22.9,8,8,26.3,31.6,21.7,98,9,25.8,30.3,22.4,20,10,26.0,30.5,22.6,36
©yÄõ¿¤,¥V¤s¶m,2015,9,1,40.8,65.3,21,28.8,33.9,25.8,125,22,26.7,31.0,24.5,130,23,26.3,29.0,24.3,70,24,29.7,35.2,26.3,1,25,26.1,28.8,23.8,81,26,25.6,30.6,22.4,29,27,24.6,27.5,22.5,319,28,24.7,28.5,23.8,161,29,25.4,29.1,23.7,117,30,26.1,29.4,24.4,100
©yÄõ¿¤,¥V¤s¶m,2015,8,3,65.3,76.2,11,29.7,34.9,25.4,39,12,29.6,34.2,25.5,96,13,28.1,34.3,25.0,69,14,27.2,34.0,24.5,33,15,28.0,33.5,24.6,54,16,27.4,33.4,24.9,31,17,28.1,35.2,24.0,1,18,27.8,33.6,24.3,6,19,29.0,34.3,25.8,32,20,29.2,33.6,24.9,112
©yÄõ¿¤,¥V¤s¶m,2015,8,2,76.2,74.3,1,28.9,34.1,24.3,99,2,29.2,35.2,24.3,109,3,29.5,35.1,24.0,83,4,29.2,34.5,24.8,320,5,29.1,34.6,24.4,90,6,28.8,34.6,24.5,41,7,27.5,29.4,25.8,328,8,26.5,29.1,23.8,146,9,27.1,31.4,25.1,160,10,28.9,35.0,24.7,3
©yÄõ¿¤,¥V¤s¶m,2015,8,1,74.3,45.4,21,29.5,34.7,25.3,8,22,29.4,34.7,25.6,32,23,29.0,34.9,25.5,108,24,29.4,36.0,24.8,51,25,29.2,34.5,24.8,39,26,29.3,34.5,24.5,104,27,29.6,35.5,25.2,100,28,30.1,35.8,25.2,4,29,29.4,34.7,25.7,79,30,29.4,35.2,25.4,26
©yÄõ¿¤,¥V¤s¶m,2015,7,3,45.4,3.6,11,29.3,32.4,26.7,25,12,30.0,34.8,25.7,109,13,27.7,34.4,24.1,100,14,28.0,34.4,22.9,77,15,28.0,32.9,23.8,107,16,29.1,34.6,24.2,1,17,29.3,33.9,25.3,99,18,29.6,34.6,25.4,136,19,28.9,35.7,24.9,108,20,27.9,31.6,25.1,102
©yÄõ¿¤,¥V¤s¶m,2015,7,2,3.6,3.4,1,30.6,36.3,26.5,18,2,30.6,35.2,26.6,327,3,30.2,35.4,27.1,95,4,29.2,35.5,25.8,319,5,29.7,34.8,25.3,135,6,30.0,34.4,27.0,134,7,30.5,36.4,26.1,140,8,30.9,34.5,26.9,134,9,29.4,33.1,25.9,326,10,27.9,31.0,25.4,299
©yÄõ¿¤,¥V¤s¶m,2015,7,1,3.4,99999,21,28.8,33.9,25.1,55,22,29.5,35.7,25.2,310,23,29.5,36.2,26.1,8,24,29.4,35.7,26.1,1,25,30.0,35.2,25.7,29,26,30.6,35.2,26.5,32,27,30.6,35.6,26.9,20,28,30.6,35.0,26.7,5,29,30.7,35.2,26.7,126,30,30.5,35.5,25.7,344
©yÄõ¿¤,¥V¤s¶m,2015,6,2,6.6,11.9,1,26.8,30.5,23.7,321,2,28.6,34.1,26.4,46,3,29.2,34.5,24.9,98,4,27.7,31.3,26.0,96,5,27.9,34.1,24.3,119,6,25.4,27.1,24.2,140,7,26.6,30.8,24.3,85,8,28.7,34.5,23.8,21,9,28.8,33.4,24.6,16,10,29.2,34.4,24.4,55
©yÄõ¿¤,¥V¤s¶m,2015,6,1,11.9,8.8,21,20.3,22.5,18.3,141,22,23.9,28.8,20.0,320,23,25.0,30.9,22.3,51,24,24.7,28.5,22.3,84,25,23.4,25.1,22.3,63,26,23.7,26.3,22.1,66,27,25.4,31.2,22.3,16,28,27.9,34.5,23.2,29,29,28.1,33.6,24.3,5,30,28.3,33.8,23.9,7
©yÄõ¿¤,¥V¤s¶m,2015,5,3,8.8,11.7,11,25.3,29.2,22.7,78,12,21.6,24.8,19.8,21,13,24.8,31.7,19.4,24,14,27.2,33.6,21.6,21,15,28.3,34.2,23.4,34,16,28.3,33.7,24.4,1,17,28.1,33.2,23.9,99,18,28.3,34.2,24.0,318,19,28.1,32.8,24.5,27,20,23.8,26.8,21.3,21
©yÄõ¿¤,¥V¤s¶m,2015,5,2,11.7,12.7,1,23.9,27.6,21.6,75,2,26.1,32.2,20.9,16,3,25.7,31.0,22.7,102,4,21.3,24.2,19.6,306,5,19.5,20.4,18.3,319,6,24.4,29.5,18.7,52,7,24.7,29.5,22.0,98,8,24.5,28.3,22.0,96,9,26.0,32.7,22.3,89,10,25.6,29.8,22.4,138
©yÄõ¿¤,¥V¤s¶m,2015,5,1,12.7,13.2,21,18.3,19.5,17.6,16,22,18.9,20.6,17.8,141,23,21.3,27.5,17.7,29,24,21.7,25.8,19.5,27,25,19.6,21.4,18.4,315,26,21.2,23.9,18.8,145,27,23.9,30.0,19.3,329,28,24.3,30.5,20.1,15,29,24.6,28.2,22.6,68,30,23.0,25.3,21.8,115
©yÄõ¿¤,¥V¤s¶m,2015,4,3,13.2,2.2,11,16.5,17.3,15.7,0,12,19.6,24.6,16.4,114,13,18.3,22.2,14.7,25,14,18.7,25.4,12.4,159,15,20.1,27.4,18.4,127,16,22.9,29.8,16.2,30,17,24.4,29.9,18.4,46,18,25.7,31.1,21.9,329,19,25.5,29.8,22.8,21,20,23.9,30.2,18.9,96
©yÄõ¿¤,¥V¤s¶m,2015,4,2,2.2,1.9,1,25.9,31.6,22.3,320,2,25.6,31.7,20.9,102,3,26.1,32.3,21.0,33,4,25.8,30.8,22.2,7,5,26.6,33.5,21.5,16,6,26.9,33.7,22.6,20,7,19.2,24.8,16.2,32,8,16.5,18.0,14.9,329,9,17.5,20.7,14.4,40,10,18.3,20.0,16.9,6
©yÄõ¿¤,¥V¤s¶m,2015,4,1,1.9,2.9,21,20.8,23.9,17.7,119,22,18.1,,,113,23,17.1,19.2,15.4,316,24,15.5,16.7,14.2,300,25,15.4,16.9,14.2,300,26,17.2,19.2,15.4,316,27,19.1,23.9,16.9,111,28,17.9,21.9,14.8,8,29,20.6,26.0,14.6,15,30,23.0,27.5,19.8,71
©yÄõ¿¤,¥V¤s¶m,2015,3,3,2.9,0.2,11,12.9,13.8,11.5,313,12,14.7,17.3,13.3,114,13,18.8,25.6,12.4,10,14,19.9,25.2,15.3,57,15,21.8,26.2,17.3,22,16,23.3,27.6,18.8,323,17,24.8,29.5,21.3,32,18,24.8,29.3,22.1,5,19,24.4,30.4,21.0,2,20,24.5,29.7,21.7,323
©yÄõ¿¤,¥V¤s¶m,2015,3,2,0.2,2,1,15.5,20.0,13.4,3,2,14.7,16.6,13.1,307,3,18.9,25.2,13.0,112,4,14.8,15.7,14.3,43,5,16.4,19.1,14.2,300,6,16.8,18.7,14.7,43,7,17.0,18.4,15.8,8,8,19.1,24.6,15.8,148,9,17.3,20.3,15.1,332,10,12.9,15.5,11.6,302
©yÄõ¿¤,¥V¤s¶m,2015,3,1,2,2.9,21,19.9,26.3,14.3,332,22,19.5,23.6,16.4,24,23,20.1,23.9,18.7,58,24,20.3,24.8,18.8,105,25,21.3,26.2,17.8,13,26,20.3,26.5,17.4,29,27,20.1,22.5,18.0,142,28,20.6,25.0,18.4,60
©yÄõ¿¤,¥V¤s¶m,2015,2,3,2.9,0.3,11,15.7,20.2,11.3,81,12,15.5,22.0,11.0,22,13,15.4,22.4,8.2,120,14,17.6,24.0,11.9,139,15,19.8,27.0,13.4,1,16,20.4,25.9,18.2,98,17,17.5,18.8,16.1,42,18,15.7,16.8,14.5,316,19,14.4,16.1,13.7,305,20,18.0,23.9,14.0,133
©yÄõ¿¤,¥V¤s¶m,2015,2,2,0.3,0.9,1,14.0,15.8,12.6,306,2,16.4,,,103,3,16.2,17.7,15.3,324,4,14.8,15.8,13.8,326,5,12.3,14.6,10.5,330,6,11.9,,,307,7,15.7,,,326,8,12.8,,,129,9,10.7,12.0,9.2,317,10,12.7,14.5,10.0,296
©yÄõ¿¤,¥V¤s¶m,2015,2,1,0.9,0.8,21,17.4,22.5,15.1,96,22,14.7,19.3,10.7,314,23,13.7,19.3,8.3,320,24,15.7,23.5,9.8,142,25,18.1,24.5,11.9,325,26,19.0,24.0,16.3,86,27,16.7,18.1,14.4,329,28,14.2,14.7,13.9,312,29,17.5,22.6,14.0,83,30,16.6,18.0,13.5,6
©yÄõ¿¤,¥V¤s¶m,2015,1,3,0.8,6.4,11,14.6,15.6,13.9,319,12,14.7,15.8,14.0,174,13,17.9,21.5,14.4,136,14,17.7,21.7,15.6,4,15,15.3,16.4,14.4,307,16,16.9,21.2,13.3,9,17,14.8,16.6,13.4,332,18,15.9,19.9,13.2,324,19,14.6,15.9,13.2,309,20,16.2,19.7,13.8,338
©yÄõ¿¤,¥V¤s¶m,2015,1,2,6.4,8.7,1,14.2,17.0,11.7,328,2,13.8,17.4,11.6,311,3,14.6,19.4,10.2,329,4,16.3,23.9,10.4,46,5,18.2,23.9,13.8,331,6,19.4,28.4,14.2,28,7,16.0,17.6,13.0,7,8,13.6,16.2,12.5,327,9,15.1,18.5,12.6,319,10,15.3,17.3,14.0,195
©yÄõ¿¤,¥V¤s¶m,2015,1,1,8.7,6.6,21,14.1,15.5,12.4,314,22,12.9,14.8,11.7,325,23,15.4,22.0,9.9,316,24,18.1,,,15,25,15.7,17.3,14.6,323,26,14.7,15.5,14.2,311,27,15.2,16.2,14.3,310,28,15.5,16.9,14.2,329,29,14.3,18.2,10.3,23,30,14.1,19.9,8.7,67
©yÄõ¿¤,¥V¤s¶m,2014,12,3,6.6,0,11,18.3,21.1,15.5,1,12,14.9,16.5,13.1,328,13,13.4,14.6,12.7,302,14,15.2,17.7,12.8,305,15,18.1,24.5,12.0,325,16,15.2,19.0,12.1,330,17,12.0,13.0,10.9,327,18,13.9,16.4,11.8,307,19,15.9,19.2,13.6,323,20,15.6,17.0,14.6,320
©yÄõ¿¤,¥V¤s¶m,2014,12,2,0,0,1,18.0,24.2,13.2,329,2,14.7,15.8,13.1,302,3,19.4,24.6,15.2,316,4,15.5,19.7,13.0,321,5,14.2,16.6,11.4,330,6,15.4,19.9,10.8,76,7,17.9,24.4,13.0,131,8,16.5,17.6,15.8,314,9,17.3,18.3,16.1,312,10,20.9,24.5,17.9,4
©yÄõ¿¤,¥V¤s¶m,2014,12,1,0,0,21,21.3,26.7,17.0,325,22,21.9,27.8,17.6,85,23,22.1,28.2,17.9,139,24,22.7,28.9,18.1,343,25,21.8,26.8,17.5,119,26,21.4,24.5,18.9,13,27,21.5,23.5,20.0,37,28,23.8,29.8,19.9,325,29,24.7,29.0,21.4,144,30,24.8,28.6,22.6,99
©yÄõ¿¤,¥V¤s¶m,2014,11,3,0,27,11,20.7,25.0,18.4,318,12,19.8,22.6,18.0,18,13,16.9,18.3,16.2,332,14,17.2,18.3,16.3,313,15,18.9,20.7,17.3,312,16,21.1,26.3,17.0,58,17,19.2,20.3,16.8,327,18,17.0,18.2,16.1,143,19,18.7,22.3,16.4,321,20,20.4,25.2,17.3,67
©yÄõ¿¤,¥V¤s¶m,2014,11,2,27,26.3,1,24.9,30.3,19.4,16,2,21.9,24.6,18.2,33,3,19.3,20.6,17.7,257,4,19.4,21.6,17.7,157,5,20.7,25.5,17.0,5,6,20.6,26.1,17.1,43,7,19.5,20.9,18.3,261,8,22.7,28.0,18.7,104,9,21.7,26.9,19.8,29,10,20.1,21.4,19.1,0
©yÄõ¿¤,¥V¤s¶m,2014,11,1,26.3,37.2,21,26.3,33.1,21.6,41,22,22.6,26.6,20.1,15,23,21.3,22.4,20.4,0,24,21.3,22.4,20.7,0,25,22.3,25.2,20.6,0,26,25.0,30.2,20.6,89,27,23.0,25.1,21.2,29,28,21.6,23.2,20.4,0,29,23.7,28.8,19.7,138,30,23.9,29.8,20.3,105
©yÄõ¿¤,¥V¤s¶m,2014,10,3,37.2,51.4,11,25.0,28.9,22.6,268,12,25.5,29.5,22.5,330,13,22.7,28.6,18.7,7,14,20.4,23.5,17.6,19,15,20.6,25.4,16.9,23,16,20.4,26.9,15.2,8,17,21.2,23.2,20.8,25,18,22.4,26.6,19.2,117,19,23.6,29.1,18.3,132,20,25.1,31.1,20.6,107
©yÄõ¿¤,¥V¤s¶m,2014,10,2,51.4,32.8,1,26.2,27.5,25.1,22,2,26.0,30.7,22.6,72,3,24.4,29.8,22.1,9,4,23.9,27.7,20.4,267,5,25.4,29.9,20.7,4,6,23.7,27.2,20.4,1,7,21.3,26.3,19.7,266,8,21.7,24.2,19.7,0,9,22.7,25.4,20.7,7,10,25.6,29.2,23.3,3
©yÄõ¿¤,¥V¤s¶m,2014,10,1,32.8,25.1,21,27.2,32.3,23.3,125,22,26.7,31.8,23.0,15,23,26.7,30.5,25.0,28,24,26.1,28.8,24.2,23,25,26.4,32.3,23.3,128,26,25.7,29.6,24.0,33,27,25.7,30.5,22.4,95,28,26.1,31.1,21.7,119,29,26.6,32.3,21.9,91,30,27.3,32.5,23.1,32
©yÄõ¿¤,¥V¤s¶m,2014,9,3,25.1,27.1,11,29.6,35.2,25.6,139,12,29.9,36.0,25.7,28,13,29.7,34.8,25.4,81,14,28.1,33.2,25.6,84,15,30.6,34.8,25.2,137,16,30.5,36.6,25.5,11,17,30.1,35.2,26.2,102,18,29.0,33.7,26.0,119,19,29.5,34.1,24.8,134,20,30.1,35.5,25.8,131
©yÄõ¿¤,¥V¤s¶m,2014,9,2,27.1,42.2,1,29.8,,,32,2,29.9,35.9,25.0,22,3,30.1,37.2,25.0,3,4,29.4,34.5,25.8,94,5,29.5,35.0,25.0,106,6,29.2,35.3,24.9,50,7,28.3,34.6,24.9,71,8,29.1,34.8,24.7,67,9,29.8,35.4,25.0,27,10,29.6,36.1,25.4,30
©yÄõ¿¤,¥V¤s¶m,2014,9,1,42.2,79.1,21,29.2,34.9,24.4,92,22,29.4,35.3,25.2,70,23,29.2,34.9,24.4,67,24,29.6,35.6,24.2,24,25,29.9,36.0,25.2,35,26,30.0,35.4,25.6,33,27,29.9,35.8,25.8,63,28,29.9,36.3,25.2,1,29,30.1,36.4,25.2,22,30,29.5,35.4,25.5,39
©yÄõ¿¤,¥V¤s¶m,2014,8,3,79.1,108.1,11,28.4,,,88,12,28.7,34.0,25.0,104,13,27.8,34.0,25.1,102,14,29.3,34.6,24.6,81,15,29.9,35.0,25.5,99,16,29.1,33.4,26.4,104,17,29.1,33.6,25.7,89,18,29.5,35.6,25.8,33,19,28.9,34.4,25.1,103,20,27.8,33.8,24.8,23
©yÄõ¿¤,¥V¤s¶m,2014,8,2,108.1,85.2,1,31.2,38.3,26.1,26,2,30.5,35.3,26.6,53,3,30.1,35.4,26.5,32,4,30.1,34.2,26.2,25,5,29.2,33.4,26.5,25,6,29.6,34.2,25.3,98,7,29.7,,,91,8,30.2,,,99,9,29.3,,,26,10,29.1,,,69
©yÄõ¿¤,¥V¤s¶m,2014,8,1,85.2,49.2,21,29.0,34.7,23.8,112,22,27.5,32.3,24.7,109,23,26.7,30.5,24.9,136,24,28.5,33.0,24.6,137,25,29.5,36.0,26.1,47,26,29.3,34.2,25.1,129,27,29.4,34.8,25.0,34,28,28.8,33.4,24.4,107,29,29.5,34.2,25.5,95,30,30.0,34.8,25.4,19
©yÄõ¿¤,¥V¤s¶m,2014,7,3,49.2,22.8,11,30.8,35.7,26.1,19,12,31.2,36.8,26.9,23,13,31.0,36.1,27.3,62,14,30.5,37.2,27.3,38,15,30.8,36.4,26.2,94,16,30.3,34.5,26.1,144,17,30.2,34.6,25.6,132,18,30.3,35.4,26.0,123,19,29.8,34.4,25.7,110,20,29.2,34.7,24.9,94
©yÄõ¿¤,¥V¤s¶m,2014,7,2,22.8,6.9,1,29.0,34.8,25.3,78,2,30.1,35.5,25.3,33,3,30.2,35.0,26.1,44,4,30.4,36.1,26.2,84,5,30.5,36.0,26.2,75,6,30.9,37.4,26.6,23,7,30.5,35.9,26.6,27,8,29.4,33.9,25.5,268,9,30.2,36.0,24.7,14,10,30.2,35.6,26.3,34
©yÄõ¿¤,¥V¤s¶m,2014,7,1,6.9,2.1,21,29.0,33.3,25.5,13,22,29.3,34.7,26.0,31,23,27.3,31.9,25.1,24,24,27.2,32.0,25.2,77,25,27.9,33.2,24.6,52,26,29.3,34.1,24.5,120,27,29.9,35.3,25.9,7,28,29.9,35.9,26.2,29,29,29.0,34.4,26.5,100,30,27.9,33.4,24.3,24
©yÄõ¿¤,¥V¤s¶m,2014,6,3,2.1,3.7,11,25.1,28.5,23.6,32,12,25.0,29.0,22.1,32,13,25.3,31.3,21.9,98,14,26.1,30.0,23.0,0,15,26.8,31.4,24.6,98,16,29.0,34.6,24.8,23,17,28.9,34.0,25.4,97,18,28.3,33.9,25.3,37,19,28.0,33.0,25.2,37,20,28.4,33.8,25.2,88
©yÄõ¿¤,¥V¤s¶m,2014,6,2,3.7,5,1,27.7,33.4,24.0,53,2,28.0,33.4,24.4,40,3,25.7,29.6,24.1,101,4,26.7,31.3,23.7,49,5,26.0,32.0,23.0,22,6,24.0,27.6,22.0,104,7,25.7,31.0,22.5,58,8,26.1,31.2,23.9,99,9,26.6,31.6,24.0,101,10,25.5,27.2,24.3,102
©yÄõ¿¤,¥V¤s¶m,2014,6,1,5,0,21,21.1,24.0,18.9,0,22,22.9,27.9,19.2,26,23,24.8,32.0,22.5,95,24,25.0,30.1,22.5,54,25,26.1,32.6,22.1,21,26,27.6,33.8,22.9,94,27,26.8,31.5,24.1,92,28,27.1,32.9,24.1,24,29,26.0,29.2,24.5,105,30,26.3,32.7,24.1,90
©yÄõ¿¤,¥V¤s¶m,2014,5,3,0,14.78,11,26.0,31.9,21.5,22,12,26.4,31.8,23.0,28,13,26.5,32.6,24.1,26,14,27.5,32.4,23.4,30,15,25.7,29.3,22.7,108,16,23.9,26.1,22.3,96,17,26.4,30.5,22.0,26,18,26.2,32.9,23.6,18,19,24.8,27.9,23.3,0,20,25.1,30.0,22.8,100
©yÄõ¿¤,¥V¤s¶m,2014,5,2,14.78,10.89,1,20.2,22.5,18.1,0,2,21.3,23.6,19.9,101,3,19.6,21.5,17.8,100,4,22.7,27.1,17.9,139,5,19.1,22.0,16.3,0,6,17.1,18.5,15.0,0,7,20.8,24.4,18.3,0,8,22.9,28.2,19.1,134,9,22.4,24.0,21.1,0,10,24.4,29.8,21.3,101
©yÄõ¿¤,¥V¤s¶m,2014,5,1,10.89,6.22,21,21.0,22.1,20.0,116,22,22.0,29.6,19.4,119,23,19.8,21.5,18.8,0,24,22.6,27.6,19.3,81,25,23.4,28.0,21.3,98,26,23.8,27.5,21.8,98,27,24.9,29.7,21.8,139,28,21.9,23.7,20.1,87,29,20.4,22.8,19.3,0,30,20.3,22.5,18.6,92
©yÄõ¿¤,¥V¤s¶m,2014,4,3,6.22,4.56,11,21.5,24.4,19.1,127,12,24.8,30.6,20.3,2,13,24.2,31.4,19.9,90,14,19.5,21.1,17.5,6,15,20.2,25.1,15.2,75,16,22.5,29.1,16.6,33,17,24.7,31.1,19.6,48,18,25.4,31.1,20.0,15,19,25.0,28.6,22.3,115,20,22.6,27.0,20.1,111
©yÄõ¿¤,¥V¤s¶m,2014,4,2,4.56,2.44,1,21.6,27.5,18.2,13,2,20.0,22.3,18.7,54,3,20.2,24.1,18.5,101,4,18.6,20.8,16.6,27,5,19.4,23.3,16.2,136,6,18.4,19.4,17.1,149,7,18.9,21.4,17.0,0,8,20.4,23.9,17.6,105,9,21.5,25.6,19.3,81,10,21.0,24.0,19.8,87
©yÄõ¿¤,¥V¤s¶m,2014,4,1,2.44,0.44,21,13.0,14.4,11.4,262,22,15.5,18.7,12.2,124,23,17.5,22.4,14.7,128,24,18.8,23.5,14.7,99,25,21.2,28.2,19.1,59,26,22.6,28.6,17.1,96,27,23.1,29.2,19.1,101,28,24.1,28.6,20.9,37,29,25.6,32.4,21.2,10,30,21.3,23.6,19.0,27
©yÄõ¿¤,¥V¤s¶m,2014,3,3,0.44,0.11,11,16.7,19.9,13.8,139,12,18.9,24.0,14.6,260,13,16.5,18.7,13.7,2,14,14.0,15.9,10.9,4,15,15.5,21.4,9.2,131,16,16.9,22.1,12.8,0,17,20.1,26.9,13.9,30,18,21.6,26.8,16.2,18,19,23.6,28.6,19.5,28,20,17.9,23.7,13.0,4
©yÄõ¿¤,¥V¤s¶m,2014,3,2,0.11,0.44,1,20.7,26.1,16.9,48,2,16.6,19.7,15.2,43,3,15.2,16.6,13.9,271,4,18.9,25.0,14.1,10,5,15.0,17.0,12.9,90,6,13.8,15.0,12.6,283,7,14.7,16.8,13.1,265,8,17.4,22.6,14.2,8,9,14.3,15.4,13.4,269,10,14.1,16.1,12.8,280
©yÄõ¿¤,¥V¤s¶m,2014,3,1,0.44,0.8,21,14.0,19.8,9.9,283,22,15.8,21.7,12.3,325,23,16.3,20.1,13.7,6,24,18.4,24.7,11.9,144,25,19.5,25.4,13.7,120,26,21.0,26.8,16.4,39,27,17.9,19.8,17.0,338,28,19.4,24.2,16.8,27
©yÄõ¿¤,¥V¤s¶m,2014,2,3,0.8,0.4,11,10.6,12.5,9.2,266,12,13.1,16.2,10.1,257,13,14.3,16.3,12.7,17,14,13.1,16.6,11.7,260,15,12.8,14.7,10.9,241,16,15.8,19.8,13.3,175,17,19.1,26.7,12.0,10,18,18.5,22.0,16.1,28,19,13.4,16.3,11.6,267,20,12.7,15.2,10.2,325
©yÄõ¿¤,¥V¤s¶m,2014,2,2,0.4,0.7,1,19.8,26.2,14.5,39,2,20.4,26.2,14.8,25,3,20.7,23.9,17.9,90,4,15.0,18.6,14.0,346,5,16.1,18.5,14.0,278,6,20.4,27.3,14.6,20,7,19.2,20.2,18.4,136,8,15.8,19.1,13.7,2,9,14.1,15.6,12.4,265,10,11.6,12.9,10.5,265
©yÄõ¿¤,¥V¤s¶m,2014,2,1,0.7,0.2,21,12.4,14.0,10.8,260,22,12.0,16.1,9.8,272,23,14.8,20.6,10.4,72,24,16.1,23.9,8.9,131,25,17.9,26.2,11.2,27,26,16.0,19.4,12.4,261,27,16.4,21.1,12.8,34,28,17.0,23.7,11.2,18,29,17.6,24.4,12.2,67,30,18.1,25.7,12.5,8
©yÄõ¿¤,¥V¤s¶m,2014,1,3,0.2,1,11,16.7,21.9,13.5,87,12,17.6,23.5,12.3,347,13,14.9,16.1,14.0,241,14,13.9,14.7,13.2,267,15,13.4,15.6,12.2,262,16,14.2,18.9,10.4,340,17,15.7,21.8,10.6,31,18,14.3,16.5,12.4,262,19,15.4,20.3,11.3,94,20,15.6,22.7,9.2,6
©yÄõ¿¤,¥V¤s¶m,2014,1,2,1,1.2,1,17.1,20.9,13.4,0,2,18.9,25.3,14.3,59,3,20.0,26.4,14.2,69,4,17.6,19.7,14.8,264,5,15.7,19.6,12.8,292,6,16.4,21.5,12.0,62,7,18.2,25.2,12.8,15,8,18.1,26.6,13.6,14,9,13.5,14.7,12.0,262,10,13.1,14.3,12.0,312
©yÄõ¿¤,¥V¤s¶m,2014,1,1,1.2,0.7,21,12.2,12.7,11.7,254,22,13.8,15.7,12.5,27,23,14.8,16.5,13.4,261,24,14.0,14.8,13.5,251,25,15.9,18.8,13.7,91,26,14.7,16.8,11.4,262,27,11.0,12.3,10.4,268,28,12.2,14.8,9.9,257,29,11.3,12.3,10.5,251,30,13.9,15.7,11.5,260
©yÄõ¿¤,¥V¤s¶m,2013,12,3,0.7,0.9,11,15.4,16.4,14.0,254,12,15.4,17.7,13.0,294,13,17.0,19.5,14.6,276,14,18.3,19.9,16.8,146,15,19.2,20.1,18.4,110,16,21.0,25.6,18.6,55,17,17.8,19.9,15.8,5,18,15.5,17.2,13.5,263,19,13.7,14.9,12.0,258,20,12.2,13.2,11.6,263
©yÄõ¿¤,¥V¤s¶m,2013,12,2,0.9,0.9,1,16.3,22.9,10.8,15,2,16.0,22.6,11.2,16,3,15.9,23.2,9.9,12,4,16.9,23.8,11.1,61,5,17.4,21.2,14.4,178,6,17.4,19.9,14.2,26,7,17.5,18.7,16.7,0,8,18.9,22.2,17.2,118,9,20.9,26.4,17.0,355,10,15.6,17.4,14.4,6
©yÄõ¿¤,¥V¤s¶m,2013,12,1,0.9,6.6,21,18.4,20.8,16.0,0,22,17.9,18.4,17.3,264,23,20.7,27.2,17.3,16,24,21.8,27.8,16.7,283,25,17.7,20.9,13.8,23,26,18.2,22.9,15.1,65,27,19.1,26.1,13.8,15,28,14.0,15.8,12.9,147,29,13.7,18.3,9.9,1,30,15.1,22.7,8.7,58
©yÄõ¿¤,¥V¤s¶m,2013,11,3,6.6,14.4,11,20.9,24.5,18.7,29,12,19.2,19.7,18.7,264,13,19.0,20.1,18.3,261,14,20.9,25.2,18.4,100,15,20.1,21.4,18.9,6,16,19.8,21.3,18.9,104,17,18.2,23.4,14.3,4,18,17.2,22.1,14.2,14,19,16.7,21.0,13.7,21,20,17.9,22.4,14.5,82
©yÄõ¿¤,¥V¤s¶m,2013,11,2,14.4,14,1,X,25.9,19.5,103,2,X,24.4,21.1,311,3,X,27.2,20.4,34,4,X,20.7,17.8,104,5,20.8,21.5,-2.8,268,6,22.9,26.2,20.8,36,7,21.7,22.6,21.0,13,8,23.3,28.5,20.7,111,9,24.5,29.5,21.2,29,10,25.7,30.9,22.0,6
©yÄõ¿¤,¥V¤s¶m,2013,11,1,14,18.9,21,21.0,22.7,19.5,256,22,22.2,26.7,18.1,278,23,23.2,26.7,19.1,283,24,22.3,23.8,21.0,287,25,20.9,23.8,18.8,292,26,20.4,24.0,18.0,5,27,20.6,26.2,17.5,48,28,21.3,39.9,0.1,79,29,X,25.7,16.5,78,30,X,27.1,16.8,99
©yÄõ¿¤,¥V¤s¶m,2013,10,3,18.9,61,11,25.8,31.0,23.0,13,12,24.9,26.1,22.9,94,13,24.6,27.5,21.4,61,14,24.4,28.7,21.4,313,15,24.6,30.0,21.6,2,16,21.8,24.1,19.9,22,17,21.8,26.4,19.6,7,18,22.3,26.2,20.2,11,19,23.0,27.7,20.4,3,20,22.9,28.6,20.5,277
©yÄõ¿¤,¥V¤s¶m,2013,10,2,61,62.56,1,25.8,28.1,24.3,5,2,25.0,29.9,21.3,2,3,22.8,25.5,20.6,267,4,24.3,29.0,21.2,274,5,23.9,28.1,21.7,269,6,25.7,28.8,23.1,270,7,26.3,30.7,23.4,67,8,27.1,33.1,23.7,71,9,25.5,28.0,24.1,146,10,25.9,29.9,22.7,83
©yÄõ¿¤,¥V¤s¶m,2013,10,1,62.56,135.11,21,28.0,29.2,25.2,103,22,26.8,29.4,24.7,129,23,26.1,29.4,23.7,33,24,27.6,32.7,23.5,105,25,26.7,32.0,23.5,8,26,23.8,25.6,22.4,262,27,25.1,30.2,21.4,12,28,25.2,29.8,22.5,25,29,26.5,32.2,22.0,21,30,24.5,25.9,22.6,6
©yÄõ¿¤,¥V¤s¶m,2013,9,3,135.11,126.89,11,28.5,34.0,24.1,73,12,28.4,32.8,24.9,125,13,28.9,34.6,25.4,134,14,28.9,33.6,25.1,85,15,28.5,34.0,24.5,30,16,27.9,32.4,24.1,32,17,26.0,30.4,21.9,35,18,25.0,28.0,23.1,97,19,26.8,32.2,24.0,26,20,26.5,30.5,22.7,261
©yÄõ¿¤,¥V¤s¶m,2013,9,2,126.89,152.78,1,24.3,25.7,23.2,107,2,26.0,31.9,20.4,112,3,26.3,32.2,21.0,40,4,26.2,30.7,22.9,33,5,26.3,31.2,21.8,67,6,27.6,32.2,23.2,22,7,26.6,31.4,23.5,96,8,27.2,33.2,21.8,25,9,27.3,32.8,23.0,76,10,28.0,33.0,23.4,96
©yÄõ¿¤,¥V¤s¶m,2013,9,1,152.78,207.78,21,26.2,28.2,24.9,53,22,27.4,32.8,24.9,131,23,29.0,34.3,26.0,51,24,29.2,35.4,25.3,58,25,29.2,36.1,24.6,20,26,29.7,36.4,25.2,1,27,29.8,33.9,25.7,109,28,27.6,32.7,25.3,114,29,27.9,33.9,25.1,279,30,28.7,33.1,25.8,37
©yÄõ¿¤,¥V¤s¶m,2013,8,3,207.78,99999,11,30.6,35.2,25.9,93,12,30.7,36.3,25.3,107,13,30.1,36.9,30.0,140,14,29.3,33.7,26.6,58,15,27.2,31.8,24.6,90,16,28.0,34.5,24.1,90,17,28.9,35.4,24.0,33,18,30.1,36.4,24.7,78,19,30.5,35.6,25.6,104,20,28.1,31.1,25.3,264
©yÄõ¿¤,¥V¤s¶m,2013,8,1,280.3,61.7,21,28.8,33.9,25.3,22,22,29.6,35.6,25.3,72,23,29.9,36.9,25.0,101,24,30.2,35.3,25.6,60,25,29.9,35.9,25.7,27,26,28.6,34.1,25.1,94,27,29.8,34.9,24.8,94,28,30.0,35.5,25.9,38,29,30.1,35.7,25.3,137,30,30.6,37.1,25.8,3
©yÄõ¿¤,¥V¤s¶m,2013,7,3,61.7,18,11,29.0,35.6,23.9,99,12,28.5,34.7,25.1,268,13,28.7,32.6,24.5,5,14,28.0,33.1,24.1,99,15,29.0,35.5,25.0,108,16,29.0,34.0,25.0,43,17,27.3,33.7,24.4,128,18,25.9,28.2,24.4,120,19,27.5,32.1,23.9,61,20,29.0,34.3,24.8,71
©yÄõ¿¤,¥V¤s¶m,2013,7,2,18,22.9,1,30.7,36.9,25.3,40,2,31.1,37.4,26.4,20,3,30.3,37.1,25.7,331,4,30.9,37.5,25.9,63,5,30.4,36.2,26.1,28,6,30.5,36.1,26.0,41,7,30.3,37.8,26.0,25,8,30.2,36.7,24.8,60,9,30.1,36.5,25.1,76,10,29.7,35.1,24.5,95
©yÄõ¿¤,¥V¤s¶m,2013,7,1,22.9,6.8,21,29.5,35.3,26.0,133,22,29.1,33.2,25.8,8,23,30.0,36.0,25.1,4,24,29.2,34.4,25.7,55,25,28.9,34.5,25.4,20,26,28.7,32.5,25.9,81,27,30.0,36.1,25.0,22,28,30.0,34.8,25.2,43,29,29.6,34.7,26.2,86,30,29.8,35.5,25.0,39
©yÄõ¿¤,¥V¤s¶m,2013,6,3,6.8,9.8,11,26.1,31.3,23.1,53,12,25.9,29.8,24.2,91,13,26.3,29.2,24.5,119,14,26.3,31.1,24.3,137,15,28.3,33.5,24.5,19,16,27.7,31.1,24.9,25,17,28.4,33.3,25.8,22,18,28.8,35.0,24.5,9,19,29.0,33.7,24.3,82,20,28.5,32.1,26.2,29
©yÄõ¿¤,¥V¤s¶m,2013,6,2,9.8,99999,1,29.0,34.2,24.2,39,2,28.9,34.6,24.5,28,3,27.2,31.8,24.9,93,4,25.4,29.6,23.9,2,5,24.7,27.3,22.9,79,6,26.2,31.1,21.7,88,7,28.1,33.9,22.8,278,8,29.7,36.0,24.4,72,9,28.3,33.2,25.2,89,10,24.8,27.5,23.3,87
©yÄõ¿¤,¥V¤s¶m,2013,5,3,5,7.9,11,22.9,26.1,21.2,100,12,22.1,23.7,20.9,96,13,24.5,29.4,21.6,59,14,25.3,30.2,21.3,58,15,25.5,31.7,21.9,93,16,26.1,30.7,23.1,17,17,26.6,32.1,24.0,41,18,26.7,30.3,24.3,86,19,27.7,32.3,24.4,18,20,26.9,31.2,24.9,84
©yÄõ¿¤,¥V¤s¶m,2013,5,2,7.9,10.1,1,17.4,21.2,14.6,263,2,19.6,24.4,16.4,25,3,20.4,24.8,17.0,55,4,21.7,27.0,18.0,20,5,22.5,26.3,20.1,94,6,22.8,26.5,21.0,112,7,23.4,27.0,21.9,103,8,23.1,25.0,21.7,71,9,25.1,28.8,22.2,85,10,26.1,30.8,22.6,61
©yÄõ¿¤,¥V¤s¶m,2013,5,1,10.1,10.8,21,17.3,19.2,16.3,351,22,18.4,21.6,15.7,269,23,23.6,30.9,16.9,53,24,24.8,31.4,20.1,1,25,21.9,24.3,20.2,22,26,20.0,23.1,17.8,285,27,18.0,19.5,16.6,286,28,20.6,24.5,17.9,86,29,24.6,31.1,18.1,10,30,25.8,29.9,20.9,10
©yÄõ¿¤,¥V¤s¶m,2013,4,3,10.8,2.4,11,17.0,18.1,15.7,352,12,14.8,16.1,13.4,254,13,17.3,20.9,14.8,300,14,20.8,26.4,16.6,110,15,21.9,28.0,15.4,65,16,23.3,28.8,17.7,15,17,24.6,28.8,21.2,20,18,25.9,30.7,22.7,72,19,21.7,23.8,20.0,7,20,22.8,29.2,18.6,19
©yÄõ¿¤,¥V¤s¶m,2013,4,2,2.4,6.6,1,20.6,25.1,18.6,326,2,20.0,24.6,18.1,7,3,17.6,21.0,14.1,146,4,21.3,26.5,17.0,273,5,22.1,25.7,19.8,108,6,18.8,26.8,15.0,329,7,15.6,17.2,14.4,276,8,19.6,24.3,14.4,31,9,19.4,24.3,17.3,327,10,17.0,17.9,16.2,262
©yÄõ¿¤,¥V¤s¶m,2013,4,1,6.6,2.6,21,18.6,19.9,17.2,322,22,22.8,29.6,17.1,44,23,23.7,29.2,19.7,24,24,24.0,28.5,19.4,110,25,17.8,19.7,15.8,309,26,21.3,27.6,15.8,264,27,19.8,21.7,17.6,61,28,19.4,21.0,17.7,89,29,19.1,33.2,2.1,3,30,19.4,20.8,17.5,304
©yÄõ¿¤,¥V¤s¶m,2013,3,3,2.6,0.7,11,19.0,21.6,17.5,14,12,21.8,28.8,15.5,16,13,22.1,29.2,15.8,24,14,16.0,17.2,15.1,337,15,17.3,21.1,14.8,265,16,20.1,25.6,14.9,33,17,22.8,29.7,16.9,3,18,24.1,30.4,18.5,130,19,24.2,28.9,21.5,116,20,23.8,28.8,18.6,115
©yÄõ¿¤,¥V¤s¶m,2013,3,2,0.7,1.6,1,21.2,28.3,16.6,10,2,14.9,16.9,13.4,346,3,13.5,14.9,12.4,261,4,15.2,21.6,9.7,299,5,16.4,22.4,10.6,147,6,18.3,25.0,12.7,102,7,19.3,25.6,14.2,21,8,20.8,29.6,13.6,55,9,21.7,29.0,15.1,50,10,22.0,28.6,16.6,23
©yÄõ¿¤,¥V¤s¶m,2013,3,1,1.6,0.6,21,18.2,21.7,15.4,16,22,18.7,24.5,15.6,5,23,16.1,16.7,15.7,255,24,18.5,22.8,16.1,152,25,20.8,27.3,15.3,94,26,22.5,28.5,18.4,18,27,20.0,23.2,18.4,101,28,20.5,24.0,18.2,260
©yÄõ¿¤,¥V¤s¶m,2013,2,3,0.6,2.1,11,18.2,20.2,16.9,259,12,19.8,25.9,15.7,90,13,15.8,16.8,14.6,286,14,20.3,28.2,14.3,22,15,18.5,23.3,14.8,122,16,15.9,17.2,14.3,204,17,19.1,26.0,14.3,82,18,22.2,29.8,16.4,329,19,18.6,22.3,15.2,20,20,14.5,15.5,13.5,261
©yÄõ¿¤,¥V¤s¶m,2013,2,2,2.1,1,1,19.7,27.6,13.1,24,2,19.2,21.0,17.4,86,3,21.9,27.1,19.0,52,4,23.0,28.0,19.5,61,5,21.8,23.6,19.8,172,6,19.0,21.2,17.3,76,7,19.4,22.0,16.4,331,8,14.5,16.6,13.5,273,9,16.4,20.4,13.5,12,10,18.0,22.8,15.9,280
©yÄõ¿¤,¥V¤s¶m,2013,2,1,1,3,21,19.8,24.6,16.3,50,22,18.9,25.7,15.3,3,23,17.2,18.6,15.6,7,24,17.6,21.4,14.8,255,25,14.6,17.8,13.4,6,26,15.9,20.9,13.6,34,27,13.9,15.1,13.0,261,28,14.4,17.6,12.9,260,29,16.4,24.1,11.5,83,30,16.8,21.5,12.2,52
©yÄõ¿¤,¥V¤s¶m,2013,1,3,3,1.7,11,15.9,18.8,13.1,19,12,18.0,20.1,16.3,277,13,18.7,22.8,15.5,334,14,15.2,18.0,12.8,328,15,16.1,23.1,10.6,38,16,17.3,24.2,11.3,2,17,13.8,16.2,11.3,261,18,12.0,13.2,10.9,263,19,16.5,22.8,10.5,144,20,18.2,25.6,12.3,124
©yÄõ¿¤,¥V¤s¶m,2013,1,2,1.7,1.9,1,13.0,14.1,11.6,293,2,18.0,24.1,13.7,28,3,14.7,17.3,13.2,251,4,15.0,16.9,13.3,306,5,17.2,20.5,15.6,15,6,18.0,21.5,16.3,116,7,19.8,23.4,17.6,5,8,17.6,19.4,15.7,9,9,15.1,17.3,13.7,263,10,13.7,14.4,13.1,273
