«ÌªF¿¤,Åï¬¥¶m,2016,5,3,27.9,22.9,11,26.2,30.6,24.1,316,12,27.6,,,222,13,27.1,32.9,24.0,3,14,26.8,34.1,23.6,8,15,28.2,,,299,16,27.4,33.0,24.2,10,17,27.1,,,4,18,28.0,32.5,23.9,20,19,28.7,33.2,24.8,16,20,28.2,33.7,25.1,8
«ÌªF¿¤,Åï¬¥¶m,2016,5,2,22.9,22.7,1,27.2,,,1,2,28.2,,,128,3,28.0,,,6,4,28.6,,,340,5,29.1,,,197,6,29.2,,,221,7,29.1,,,216,8,29.4,,,225,9,29.4,,,25,10,28.8,,,36
«ÌªF¿¤,Åï¬¥¶m,2016,5,1,22.7,19.7,21,28.3,32.1,23.9,23,22,28.2,,,78,23,28.0,32.8,23.4,45,24,26.7,,,114,25,27.5,,,59,26,27.9,,,45,27,27.7,,,9,28,27.0,31.5,24.8,17,29,26.2,,,232,30,25.8,,,3
«ÌªF¿¤,Åï¬¥¶m,2016,4,3,19.7,17.1,11,24.1,28.3,21.2,340,12,25.9,31.1,21.9,355,13,24.8,29.9,22.9,5,14,24.8,,,11,15,25.8,,,23,16,27.2,,,2,17,27.6,,,208,18,26.9,,,4,19,25.4,,,5,20,27.9,34.6,22.2,9
«ÌªF¿¤,Åï¬¥¶m,2016,4,2,17.1,19,1,23.9,28.6,20.3,72,2,25.3,,,77,3,26.0,30.7,21.6,308,4,26.0,31.4,20.6,29,5,25.9,31.3,21.3,89,6,26.9,33.2,21.4,128,7,27.1,31.6,22.0,206,8,27.6,33.4,23.4,11,9,27.1,32.4,22.6,223,10,26.2,32.4,22.1,223
«ÌªF¿¤,Åï¬¥¶m,2016,4,1,19,16.9,21,22.8,27.7,19.9,296,22,23.2,28.8,19.3,278,23,23.6,27.9,21.1,1,24,17.2,,,308,25,14.8,16.9,13.6,311,26,17.3,,,12,27,18.1,,,15,28,18.2,24.7,11.9,3,29,20.2,27.3,13.4,20,30,23.2,29.7,16.7,5
«ÌªF¿¤,Åï¬¥¶m,2016,3,3,16.9,15.6,11,15.7,18.2,13.0,26,12,19.8,25.5,15.9,18,13,21.1,24.5,18.4,359,14,18.6,24.2,17.0,354,15,18.9,20.6,17.4,1,16,22.0,28.2,17.7,343,17,23.6,30.0,19.5,5,18,25.2,30.5,20.2,87,19,25.7,30.4,23.1,324,20,23.9,27.1,21.5,14
«ÌªF¿¤,Åï¬¥¶m,2016,3,2,15.6,19.6,1,18.8,24.1,13.8,92,2,19.3,24.3,14.1,202,3,20.3,25.2,14.1,105,4,21.8,27.3,17.1,135,5,23.0,28.9,17.7,214,6,24.4,30.0,20.7,12,7,23.2,27.8,18.7,6,8,24.2,29.2,20.0,62,9,24.1,31.3,20.2,220,10,19.6,24.0,13.9,310
«ÌªF¿¤,Åï¬¥¶m,2016,3,1,19.6,16.7,21,19.6,24.3,16.8,351,22,21.5,27.5,16.3,1,23,21.7,27.0,18.0,10,24,18.4,20.5,16.4,326,25,19.3,23.1,16.8,309,26,19.8,25.2,15.9,348,27,19.8,25.3,15.9,333,28,20.5,27.5,15.2,20,29,20.6,26.8,16.7,18
«ÌªF¿¤,Åï¬¥¶m,2016,2,3,16.7,12.3,11,22.4,29.7,17.3,193,12,24.0,28.8,20.0,199,13,24.5,31.2,18.8,85,14,23.8,29.8,18.2,305,15,15.9,18.6,13.5,312,16,16.1,18.2,14.4,8,17,18.4,23.6,14.4,289,18,19.7,25.7,15.7,5,19,20.9,27.1,16.2,334,20,19.0,23.2,15.8,260
«ÌªF¿¤,Åï¬¥¶m,2016,2,2,12.3,11.9,1,19.6,25.4,16.2,290,2,16.6,19.2,14.7,355,3,18.1,22.8,15.1,326,4,18.8,25.9,13.8,352,5,17.8,22.4,13.7,1,6,14.2,17.0,10.3,346,7,14.2,21.1,8.3,3,8,15.2,22.5,8.7,3,9,17.0,23.4,10.3,21,10,19.5,25.9,14.0,346
«ÌªF¿¤,Åï¬¥¶m,2016,2,1,11.9,13.1,21,22.0,28.6,18.1,354,22,20.3,25.5,17.1,302,23,13.8,19.0,9.8,304,24,7.2,10.3,5.8,322,25,10.5,16.1,5.8,1,26,15.7,22.4,9.7,31,27,17.8,22.7,13.9,7,28,19.6,24.6,16.7,342,29,19.1,20.6,18.6,339,30,20.4,24.5,18.0,10
«ÌªF¿¤,Åï¬¥¶m,2016,1,3,13.1,17.3,11,20.1,26.6,17.9,5,12,20.0,25.2,17.1,13,13,16.9,18.2,15.6,313,14,17.5,22.6,14.7,321,15,16.7,19.1,15.2,354,16,20.4,25.5,16.2,2,17,20.5,30.0,19.2,43,18,18.6,23.0,15.3,3,19,18.7,24.1,14.7,267,20,19.2,24.1,15.3,47
«ÌªF¿¤,Åï¬¥¶m,2016,1,2,17.3,18.1,1,20.0,26.8,15.3,307,2,19.4,24.2,16.0,336,3,20.7,24.1,18.9,307,4,23.6,29.5,19.7,314,5,24.3,29.4,19.4,27,6,22.4,27.6,19.3,311,7,20.7,24.3,18.5,302,8,20.1,25.0,16.2,20,9,19.0,25.7,14.7,225,10,20.5,26.4,15.5,19
«ÌªF¿¤,Åï¬¥¶m,2016,1,1,18.1,6.666666667,21,22.4,28.1,17.6,23,22,22.9,28.5,18.5,3,23,24.0,30.7,19.2,360,24,25.0,30.6,21.1,9,25,23.3,28.1,19.6,16,26,21.1,24.3,18.8,19,27,21.8,28.1,18.1,327,28,20.3,24.5,17.5,223,29,19.7,24.4,16.2,336,30,20.2,26.6,14.8,299
«ÌªF¿¤,Åï¬¥¶m,2015,12,3,6.666666667,8.166666667,11,21.8,26.8,17.6,141,12,22.4,28.5,19.0,9,13,22.7,29.1,17.8,4,14,23.0,29.8,18.6,351,15,21.4,25.6,18.4,343,16,18.0,21.1,15.0,16,17,16.6,21.7,13.0,329,18,18.1,23.4,14.3,358,19,19.1,25.4,13.2,4,20,19.9,23.9,15.7,3
«ÌªF¿¤,Åï¬¥¶m,2015,12,2,8.166666667,20.8,1,23.9,30.1,20.2,204,2,23.8,29.5,19.5,4,3,22.4,26.8,19.1,21,4,23.0,28.3,19.0,360,5,23.0,27.8,10.1,349,6,23.2,29.2,19.1,305,7,22.2,25.7,19.3,7,8,23.0,27.9,20.0,7,9,23.0,27.0,19.2,14,10,21.9,24.5,18.9,338
«ÌªF¿¤,Åï¬¥¶m,2015,12,1,20.8,19.8,21,24.7,29.4,22.2,15,22,25.3,31.3,20.3,106,23,25.4,30.7,21.5,2,24,25.2,29.9,22.3,292,25,24.5,29.0,21.2,214,26,20.6,24.2,16.2,8,27,20.2,24.3,16.0,27,28,21.0,27.1,16.1,16,29,25.5,30.1,18.5,313,30,23.5,28.7,19.3,13
«ÌªF¿¤,Åï¬¥¶m,2015,11,3,19.8,22.1,11,25.6,29.9,22.9,226,12,25.7,30.4,22.8,340,13,26.4,31.5,22.5,4,14,26.4,31.3,22.4,52,15,26.0,30.9,22.9,14,16,25.9,31.1,21.8,77,17,27.0,32.8,22.3,2,18,27.1,32.1,22.4,31,19,26.6,31.3,22.8,24,20,26.1,30.7,23.5,224
«ÌªF¿¤,Åï¬¥¶m,2015,11,2,22.1,24.6,1,24.7,27.4,22.3,358,2,24.7,29.1,21.7,354,3,25.4,31.1,21.2,4,4,26.0,31.1,22.4,309,5,26.0,30.7,22.6,1,6,27.0,31.8,22.8,15,7,27.2,32.1,23.3,295,8,27.1,32.6,23.2,204,9,27.2,32.3,23.7,136,10,26.2,29.5,23.9,207
«ÌªF¿¤,Åï¬¥¶m,2015,11,1,24.6,25.3,21,25.3,28.4,22.9,24,22,25.6,29.0,23.9,17,23,26.7,31.2,23.8,205,24,27.3,30.9,24.1,35,25,26.5,30.3,24.6,109,26,26.3,29.4,23.5,7,27,26.5,31.3,24.1,11,28,26.5,30.5,22.4,112,29,26.7,31.1,23.9,207,30,26.7,32.6,22.7,30
«ÌªF¿¤,Åï¬¥¶m,2015,10,3,25.3,24,11,26.6,32.0,23.3,3,12,26.0,29.9,24.0,2,13,25.8,29.8,24.0,103,14,25.8,30.4,22.7,232,15,25.9,30.1,22.7,211,16,26.3,30.6,23.0,1,17,26.2,31.0,21.8,355,18,26.8,32.0,22.5,3,19,26.2,31.0,23.4,73,20,24.7,26.8,23.4,71
«ÌªF¿¤,Åï¬¥¶m,2015,10,2,24,25.1,1,28.2,,,31,2,28.4,32.4,25.0,17,3,29.1,34.7,25.2,19,4,28.8,33.4,25.2,9,5,28.4,34.1,25.1,106,6,27.6,32.9,24.3,83,7,27.6,32.4,23.8,20,8,27.5,31.9,23.7,305,9,27.8,33.1,24.8,3,10,27.7,32.0,24.3,202
«ÌªF¿¤,Åï¬¥¶m,2015,10,1,25.1,24.2,21,27.4,31.8,24.5,12,22,27.2,,,5,23,28.2,33.1,24.6,20,24,28.6,33.1,24.6,308,25,28.6,33.4,26.3,21,26,28.4,32.3,25.9,161,27,26.5,30.2,25.1,239,28,25.8,28.1,23.2,4,29,28.1,29.5,25.7,197,30,28.7,34.9,24.5,34
«ÌªF¿¤,Åï¬¥¶m,2015,9,3,24.2,20.2,11,27.6,31.9,24.6,120,12,27.2,33.0,23.7,81,13,27.9,33.1,24.4,97,14,28.3,33.1,24.4,215,15,28.0,34.4,24.8,110,16,27.7,34.3,24.9,3,17,27.9,32.9,25.2,9,18,27.2,31.8,24.3,93,19,27.1,31.6,23.2,130,20,26.9,30.9,24.5,52
«ÌªF¿¤,Åï¬¥¶m,2015,9,2,20.2,23.8,1,27.9,33.2,23.6,94,2,28.2,32.7,24.3,8,3,28.0,34.2,24.4,125,4,28.6,33.9,25.0,7,5,28.7,33.5,24.1,9,6,28.9,33.1,24.8,84,7,26.1,30.2,24.6,86,8,26.8,31.7,24.7,13,9,27.6,32.2,24.5,19,10,27.6,32.8,23.4,61
«ÌªF¿¤,Åï¬¥¶m,2015,9,1,23.8,21.7,21,28.2,32.9,25.8,15,22,28.2,32.0,26.0,33,23,28.6,32.1,25.7,323,24,29.2,34.1,25.7,337,25,27.4,32.8,24.3,18,26,26.7,31.7,24.3,106,27,26.3,31.2,24.2,42,28,26.0,31.2,23.7,200,29,25.1,29.6,22.8,86,30,25.4,29.6,23.7,46
«ÌªF¿¤,Åï¬¥¶m,2015,8,3,21.7,25.6,11,29.0,34.3,24.9,223,12,28.7,33.4,25.4,158,13,29.0,33.2,25.8,9,14,28.2,33.0,23.6,224,15,28.3,34.3,23.9,4,16,28.2,33.5,25.3,1,17,27.0,32.4,23.0,334,18,27.8,33.2,24.8,31,19,27.1,33.8,24.3,4,20,28.2,33.0,24.0,5
«ÌªF¿¤,Åï¬¥¶m,2015,8,2,25.6,24.1,1,29.0,34.1,25.6,11,2,28.8,34.4,25.5,9,3,29.1,34.4,24.9,51,4,29.6,34.6,25.7,2,5,28.4,34.3,23.5,309,6,28.7,34.2,24.0,310,7,29.3,34.6,25.4,1,8,25.4,,,116,9,28.0,31.1,23.4,155,10,28.9,32.6,24.9,107
«ÌªF¿¤,Åï¬¥¶m,2015,8,1,24.1,22.9,21,29.2,34.0,25.4,136,22,27.9,32.9,24.4,13,23,28.3,32.7,24.8,215,24,28.4,32.8,23.8,224,25,28.1,33.1,24.5,145,26,28.9,33.4,24.9,332,27,27.2,33.0,24.6,230,28,26.8,33.5,23.6,11,29,28.2,33.1,24.3,12,30,29.2,33.1,24.8,24
«ÌªF¿¤,Åï¬¥¶m,2015,7,3,22.9,30.8,11,28.5,31.8,26.1,306,12,26.9,29.1,25.0,122,13,27.9,33.7,24.9,40,14,27.7,33.8,24.6,9,15,28.7,32.7,24.9,214,16,28.4,33.9,24.7,72,17,29.2,34.4,26.1,218,18,28.3,33.7,25.4,215,19,26.4,29.4,24.7,157,20,27.2,29.7,24.8,140
«ÌªF¿¤,Åï¬¥¶m,2015,7,2,30.8,27.3,1,30.4,34.6,26.7,311,2,30.7,34.5,27.2,295,3,30.3,34.6,26.3,220,4,29.6,34.4,26.4,98,5,28.4,34.7,25.7,10,6,28.5,33.3,26.0,2,7,27.0,28.9,25.0,6,8,25.6,28.7,24.5,7,9,28.0,33.3,25.2,9,10,28.8,32.2,26.1,342
«ÌªF¿¤,Åï¬¥¶m,2015,7,1,27.3,99999,21,30.8,36.3,25.6,217,22,31.2,35.3,27.1,208,23,29.8,33.6,26.8,196,24,30.2,34.5,26.9,68,25,30.4,34.8,26.9,133,26,30.9,35.4,26.7,85,27,30.9,35.6,27.2,268,28,30.7,35.0,27.0,94,29,29.9,34.5,26.8,82,30,30.7,34.9,26.5,4
«ÌªF¿¤,Åï¬¥¶m,2015,6,2,25.9,26.3,1,28.2,33.2,24.7,217,2,28.8,33.6,24.8,13,3,29.4,34.1,25.2,4,4,29.1,33.2,25.0,322,5,29.3,34.0,24.9,17,6,28.3,32.7,25.4,58,7,29.4,33.8,25.4,216,8,29.5,33.6,25.3,22,9,29.9,34.5,24.9,298,10,30.1,35.9,25.8,17
«ÌªF¿¤,Åï¬¥¶m,2015,6,1,26.3,25.8,21,25.4,28.8,23.5,1,22,25.0,29.4,23.9,56,23,24.7,27.0,24.0,47,24,25.6,27.0,24.1,125,25,25.2,26.6,24.2,194,26,25.7,28.1,24.1,341,27,26.9,30.3,24.0,1,28,27.8,32.1,20.1,4,29,29.1,33.1,25.5,293,30,29.3,33.1,26.5,286
«ÌªF¿¤,Åï¬¥¶m,2015,5,3,25.8,25,11,28.3,32.8,25.3,338,12,27.4,31.1,24.3,13,13,27.9,32.3,23.1,98,14,28.4,32.7,23.8,205,15,28.2,32.4,24.0,216,16,29.0,33.9,23.5,86,17,28.4,32.8,24.2,220,18,28.8,33.2,23.6,359,19,29.1,34.4,24.6,305,20,28.9,33.5,24.8,78
«ÌªF¿¤,Åï¬¥¶m,2015,5,2,25,56.7,1,28.1,32.6,24.9,220,2,27.8,32.0,24.0,216,3,27.8,33.2,23.3,301,4,28.1,32.4,24.7,217,5,26.7,29.9,23.5,1,6,27.7,31.9,24.2,233,7,28.0,32.9,23.0,307,8,28.3,32.8,25.2,86,9,28.8,33.9,24.2,283,10,28.8,33.0,24.5,204
«ÌªF¿¤,Åï¬¥¶m,2015,5,1,56.7,23.1,21,25.1,28.3,23.5,5,22,25.8,30.3,22.2,46,23,26.3,31.5,23.4,243,24,25.9,30.3,22.3,14,25,26.0,30.7,22.0,215,26,26.0,30.4,22.2,21,27,26.8,32.1,22.5,211,28,27.1,31.3,22.4,232,29,27.0,31.6,23.1,21,30,27.5,32.2,24.4,291
«ÌªF¿¤,Åï¬¥¶m,2015,4,3,23.1,19.7,11,21.7,26.4,19.1,281,12,23.0,,,303,13,22.7,28.4,18.7,336,14,21.2,27.2,16.4,357,15,22.3,28.7,14.4,209,16,25.2,31.6,19.1,4,17,26.0,31.7,19.0,226,18,28.0,32.0,23.7,207,19,28.3,33.5,24.8,5,20,27.5,33.0,23.4,346
«ÌªF¿¤,Åï¬¥¶m,2015,4,2,19.7,21,1,25.8,30.0,21.5,209,2,26.2,30.4,21.6,215,3,25.9,30.8,21.0,35,4,26.0,30.5,21.4,215,5,27.7,,,15,6,25.3,,,128,7,26.0,30.4,22.5,25,8,23.0,26.7,20.0,208,9,23.9,29.6,18.6,23,10,24.7,29.4,20.5,167
«ÌªF¿¤,Åï¬¥¶m,2015,4,1,21,19.6,21,24.9,28.4,22.3,150,22,24.0,28.4,22.0,12,23,22.6,27.7,19.7,13,24,22.5,27.4,18.7,209,25,22.0,26.4,18.5,322,26,22.2,26.9,17.7,59,27,23.8,29.8,20.3,6,28,23.5,27.6,19.2,14,29,24.3,29.0,20.9,27,30,25.6,30.7,20.9,15
«ÌªF¿¤,Åï¬¥¶m,2015,3,3,19.6,18.7,11,19.9,24.3,17.0,25,12,20.0,23.9,17.0,3,13,21.3,26.6,15.9,225,14,22.6,28.1,17.6,233,15,24.2,30.1,18.5,209,16,24.1,27.5,20.5,352,17,24.6,29.2,20.6,350,18,23.8,29.0,18.8,90,19,24.6,31.7,20.0,212,20,25.4,29.2,23.0,326
«ÌªF¿¤,Åï¬¥¶m,2015,3,2,18.7,17.9,1,22.3,28.1,18.8,231,2,21.1,25.8,18.1,297,3,23.0,28.9,21.6,210,4,22.7,27.8,19.5,207,5,23.1,28.8,19.3,255,6,23.1,28.9,18.9,212,7,23.1,28.2,19.5,230,8,22.7,28.2,19.4,1,9,23.5,29.2,19.2,287,10,20.0,22.2,18.1,326
«ÌªF¿¤,Åï¬¥¶m,2015,3,1,17.9,17,21,21.6,26.2,16.4,16,22,23.0,28.3,18.7,142,23,24.1,29.0,21.4,5,24,23.7,29.6,19.6,319,25,23.5,28.7,20.0,223,26,24.5,30.1,20.4,166,27,23.2,28.6,20.0,7,28,23.2,29.1,19.0,214
«ÌªF¿¤,Åï¬¥¶m,2015,2,3,17,16.6,11,17.2,23.6,11.6,344,12,18.4,25.7,12.6,3,13,19.0,25.1,13.3,305,14,20.6,26.5,15.7,318,15,22.4,28.7,16.4,8,16,23.1,28.9,17.5,12,17,22.6,26.1,19.9,5,18,21.7,26.7,18.0,226,19,20.7,26.0,16.2,9,20,21.1,25.3,17.8,246
«ÌªF¿¤,Åï¬¥¶m,2015,2,2,16.6,11.7,1,19.0,24.5,14.4,218,2,18.7,24.5,14.6,1,3,19.5,24.9,15.2,165,4,19.0,25.1,15.3,13,5,16.8,22.7,13.1,17,6,16.3,20.8,12.6,300,7,18.0,25.9,13.9,329,8,17.2,22.0,14.0,354,9,15.7,20.0,12.4,307,10,15.5,22.0,9.8,10
«ÌªF¿¤,Åï¬¥¶m,2015,2,1,11.7,12.9,21,19.7,25.1,16.5,322,22,18.5,23.8,14.6,1,23,17.0,23.9,11.5,80,24,17.6,25.8,11.1,17,25,20.7,27.0,15.8,5,26,21.5,27.0,17.3,308,27,20.8,25.2,17.3,7,28,20.1,23.6,17.7,217,29,20.4,26.0,16.8,325,30,19.3,24.8,15.6,6
«ÌªF¿¤,Åï¬¥¶m,2015,1,3,12.9,14.3,11,18.5,25.8,12.5,19,12,19.9,25.1,16.6,21,13,20.1,25.0,16.7,341,14,19.4,24.3,16.5,330,15,18.8,23.4,14.7,291,16,18.7,24.3,15.2,2,17,17.8,23.9,13.1,235,18,17.5,22.3,13.1,268,19,17.2,20.3,15.2,203,20,19.5,24.0,16.7,22
«ÌªF¿¤,Åï¬¥¶m,2015,1,2,14.3,16.2,1,17.7,23.3,12.3,267,2,17.0,21.8,12.6,338,3,17.4,23.9,12.4,325,4,18.9,27.4,13.0,1,5,21.0,28.1,14.2,22,6,22.1,28.6,16.4,19,7,21.0,24.4,16.4,295,8,17.4,19.3,15.2,322,9,18.4,22.1,14.3,9,10,18.2,23.2,14.2,355
«ÌªF¿¤,Åï¬¥¶m,2015,1,1,16.2,20.1,21,18.6,23.8,13.6,332,22,16.4,22.3,11.8,20,23,18.3,24.5,13.1,349,24,21.1,26.2,16.2,1,25,18.7,22.4,16.9,349,26,19.4,23.2,17.1,1,27,19.7,23.3,17.4,350,28,18.6,24.8,16.0,26,29,17.3,21.9,14.5,335,30,18.1,24.2,13.4,282
«ÌªF¿¤,Åï¬¥¶m,2014,12,3,20.1,0,11,22.7,26.8,19.6,20,12,18.4,21.0,15.4,301,13,18.3,21.6,15.2,297,14,19.4,23.7,16.6,305,15,21.2,27.4,17.3,17,16,19.6,25.1,14.9,304,17,16.4,27.0,14.8,270,18,17.6,22.7,14.5,327,19,16.5,19.6,14.1,1,20,18.7,22.4,16.0,1
«ÌªF¿¤,Åï¬¥¶m,2014,12,2,0,0,1,24.0,28.9,19.7,13,2,20.5,22.4,18.3,4,3,22.0,24.5,19.5,3,4,19.4,21.8,15.6,2,5,17.8,20.6,14.4,351,6,19.8,23.8,17.7,4,7,19.7,25.5,14.9,3,8,20.0,26.6,15.2,21,9,20.3,24.5,16.4,3,10,22.8,27.0,19.4,348
«ÌªF¿¤,Åï¬¥¶m,2014,12,1,0,0,21,23.7,30.6,18.3,347,22,24.1,30.0,19.7,226,23,24.2,29.9,20.2,1,24,23.7,30.0,19.4,3,25,24.3,31.0,19.2,33,26,25.1,31.1,21.5,238,27,25.0,30.5,21.0,4,28,25.8,31.4,21.4,6,29,25.8,29.5,22.7,7,30,25.7,30.9,21.6,7
«ÌªF¿¤,Åï¬¥¶m,2014,11,3,0,21.6,11,24.7,29.7,21.0,87,12,25.0,29.1,21.7,1,13,24.4,28.4,21.7,250,14,23.7,27.0,20.6,335,15,23.6,27.7,20.9,4,16,23.5,27.5,19.4,2,17,23.9,28.6,21.4,2,18,22.7,26.1,19.1,231,19,23.2,27.9,19.3,17,20,22.7,28.1,17.9,294
«ÌªF¿¤,Åï¬¥¶m,2014,11,2,21.6,21.6,1,26.1,31.9,21.6,19,2,26.1,32.6,21.5,2,3,24.6,28.6,22.3,217,4,24.0,27.5,21.4,20,5,24.0,28.5,20.2,2,6,23.8,28.6,19.4,105,7,23.8,29.9,19.9,27,8,24.4,28.6,20.3,1,9,24.3,28.8,20.9,55,10,24.8,29.6,21.1,218
«ÌªF¿¤,Åï¬¥¶m,2014,11,1,21.6,18.9,21,27.0,33.2,22.6,9,22,26.9,32.9,22.7,131,23,26.5,29.8,24.4,21,24,26.3,30.7,23.2,4,25,25.9,30.2,22.7,141,26,26.4,32.8,22.3,3,27,26.6,31.5,23.2,5,28,25.6,31.0,22.9,7,29,25.8,31.2,21.9,206,30,25.9,31.1,21.9,211
«ÌªF¿¤,Åï¬¥¶m,2014,10,3,18.9,19.7,11,27.9,33.8,24.1,1,12,26.8,32.3,22.9,12,13,26.5,31.0,22.7,1,14,25.3,30.2,21.8,9,15,25.0,30.2,21.1,12,16,24.5,29.7,20.2,6,17,24.8,31.0,19.3,10,18,25.0,31.2,20.4,10,19,25.5,30.8,20.7,216,20,26.4,33.9,21.2,85
«ÌªF¿¤,Åï¬¥¶m,2014,10,2,19.7,22.9,1,28.6,32.5,25.8,12,2,27.8,33.0,24.4,223,3,27.1,32.3,24.6,232,4,26.2,31.1,22.9,270,5,25.8,30.2,22.2,222,6,26.2,32.0,20.8,354,7,25.6,31.9,21.8,16,8,25.7,31.3,21.7,1,9,26.0,31.6,21.1,7,10,27.4,32.8,22.9,206
«ÌªF¿¤,Åï¬¥¶m,2014,10,1,22.9,21.9,21,25.2,27.0,23.5,300,22,27.2,32.4,24.6,4,23,25.8,28.1,24.4,140,24,28.0,32.8,23.8,207,25,27.4,33.9,24.3,13,26,28.3,34.2,24.9,146,27,28.7,33.7,25.3,50,28,28.3,33.4,25.9,11,29,28.8,35.1,26.1,20,30,28.7,33.8,25.6,205
«ÌªF¿¤,Åï¬¥¶m,2014,9,3,21.9,23.4,11,28.0,34.3,24.4,14,12,28.7,33.9,25.1,10,13,28.3,33.8,24.8,140,14,29.0,34.9,25.1,283,15,30.7,36.4,26.9,302,16,30.2,35.8,26.5,18,17,29.0,34.2,26.5,29,18,29.4,33.9,26.6,4,19,28.4,32.1,26.4,12,20,27.4,32.2,25.1,11
«ÌªF¿¤,Åï¬¥¶m,2014,9,2,23.4,22.2,1,28.6,34.7,24.4,1,2,28.8,34.0,25.1,323,3,28.7,33.4,25.7,6,4,27.9,35.1,25.0,14,5,29.2,34.6,24.2,6,6,29.7,35.3,26.1,84,7,28.9,33.8,26.8,96,8,27.7,33.4,25.1,2,9,27.5,34.3,24.8,7,10,27.2,32.7,24.4,9
«ÌªF¿¤,Åï¬¥¶m,2014,9,1,22.2,22.7,21,28.5,33.8,20.1,79,22,28.3,32.9,25.7,355,23,29.0,34.2,24.5,136,24,29.4,34.8,25.7,7,25,28.5,33.9,25.7,15,26,29.2,33.5,25.0,245,27,28.2,34.9,24.5,11,28,27.7,34.5,23.9,349,29,27.9,33.4,23.9,13,30,27.9,34.2,24.6,78
«ÌªF¿¤,Åï¬¥¶m,2014,8,3,22.7,0,11,26.7,,,47,12,25.6,27.7,24.2,137,13,26.1,28.6,24.2,11,14,28.1,32.7,24.2,11,15,29.2,33.2,25.9,352,16,29.0,34.8,26.2,346,17,29.1,34.3,25.2,252,18,28.0,32.5,25.4,157,19,27.9,32.5,23.6,198,20,27.7,32.4,24.1,5
«ÌªF¿¤,Åï¬¥¶m,2014,8,2,0,21.1,1,29.2,33.5,25.3,59,2,29.1,33.2,25.2,225,3,29.5,33.5,26.5,232,4,29.8,33.8,26.5,88,5,28.6,33.2,26.0,77,6,28.7,33.3,25.0,214,7,27.0,31.1,25.3,37,8,27.3,30.6,25.1,65,9,27.1,32.4,25.4,50,10,26.1,29.0,24.8,145
«ÌªF¿¤,Åï¬¥¶m,2014,8,1,21.1,21.4,21,29.2,34.3,25.6,20,22,28.1,32.7,26.0,5,23,27.9,29.6,25.1,197,24,28.3,30.8,26.0,130,25,27.9,32.6,24.8,150,26,28.7,34.6,25.1,62,27,28.9,34.8,25.5,42,28,28.9,33.6,26.3,16,29,29.6,34.3,25.5,81,30,30.3,36.0,27.3,220
«ÌªF¿¤,Åï¬¥¶m,2014,7,3,21.4,17.6,11,30.6,34.7,26.8,217,12,30.7,35.0,26.5,217,13,31.3,36.6,26.8,59,14,31.4,35.5,27.7,22,15,30.6,35.0,27.2,12,16,30.6,36.5,27.5,148,17,29.3,35.3,26.1,12,18,28.5,34.5,25.5,356,19,27.8,34.0,25.0,292,20,28.6,34.1,25.3,6
«ÌªF¿¤,Åï¬¥¶m,2014,7,2,17.6,27.4,1,30.8,35.3,27.1,215,2,31.0,35.7,27.2,316,3,31.0,35.1,27.7,302,4,29.6,34.6,27.5,12,5,29.5,34.5,26.2,350,6,30.6,34.7,26.8,18,7,29.9,34.6,26.0,9,8,30.7,34.3,27.3,346,9,30.1,35.0,26.7,29,10,30.5,35.3,27.6,111
«ÌªF¿¤,Åï¬¥¶m,2014,7,1,27.4,0,21,30.0,32.8,27.2,152,22,29.7,33.5,27.0,168,23,29.7,34.0,26.1,157,24,29.3,33.6,25.7,214,25,28.8,33.1,26.1,79,26,29.5,34.1,26.1,45,27,29.8,34.5,25.8,221,28,29.0,35.0,26.0,15,29,30.0,33.8,26.0,222,30,30.4,34.3,27.0,212
«ÌªF¿¤,Åï¬¥¶m,2014,6,3,0,0,11,29.6,33.5,27.2,77,12,28.0,33.0,25.3,6,13,27.9,32.0,26.1,2,14,27.0,29.5,25.0,27,15,28.7,31.8,25.0,189,16,29.4,32.6,27.2,144,17,29.2,33.1,26.7,21,18,29.8,34.0,26.2,11,19,29.7,34.2,26.0,204,20,30.1,33.6,26.5,215
«ÌªF¿¤,Åï¬¥¶m,2014,6,2,0,26.3,1,30.0,35.1,26.0,98,2,29.8,34.7,25.2,1,3,27.3,32.1,25.0,326,4,27.3,31.5,24.5,140,5,28.1,33.8,25.5,2,6,28.4,35.1,24.8,4,7,27.3,33.2,24.8,43,8,27.3,32.5,25.0,221,9,27.5,31.5,25.1,316,10,29.4,33.5,25.5,162
«ÌªF¿¤,Åï¬¥¶m,2014,6,1,26.3,0,21,26.7,30.6,24.3,15,22,28.9,34.6,23.7,5,23,27.5,32.2,24.8,1,24,28.9,34.8,24.3,11,25,29.1,35.3,24.8,359,26,29.5,33.8,25.0,8,27,29.0,33.5,27.1,6,28,27.9,31.5,25.8,332,29,29.3,34.3,26.0,335,30,28.9,32.8,25.5,91
«ÌªF¿¤,Åï¬¥¶m,2014,5,3,0,23.8,11,28.6,33.8,24.0,228,12,28.3,33.5,25.0,228,13,27.7,32.5,25.0,350,14,28.7,32.7,24.2,258,15,29.1,33.0,26.0,9,16,29.1,33.2,25.7,315,17,29.4,34.3,25.1,234,18,28.8,33.6,25.5,341,19,27.4,32.2,24.7,352,20,26.4,31.0,24.3,20
«ÌªF¿¤,Åï¬¥¶m,2014,5,2,23.8,19.6,1,24.5,28.7,23.0,360,2,26.0,31.7,22.5,4,3,26.2,31.0,23.8,92,4,27.0,32.0,23.5,337,5,25.8,29.8,22.5,25,6,23.3,25.0,21.5,311,7,24.5,28.8,21.5,343,8,26.5,32.7,22.2,347,9,24.2,25.3,22.5,57,10,26.6,32.5,22.2,1
«ÌªF¿¤,Åï¬¥¶m,2014,5,1,19.6,18.4,21,27.3,31.8,24.0,12,22,27.7,32.0,25.0,14,23,26.9,30.3,23.7,213,24,26.9,31.7,23.8,3,25,27.9,34.0,23.8,161,26,27.2,31.5,25.1,118,27,27.9,32.6,24.5,297,28,26.5,30.3,23.1,220,29,26.2,30.0,23.3,214,30,25.7,29.2,24.1,247
«ÌªF¿¤,Åï¬¥¶m,2014,4,3,18.4,17.6,11,25.8,30.0,23.5,215,12,26.1,30.7,22.6,210,13,26.8,31.7,22.5,240,14,26.0,30.1,23.5,214,15,23.9,28.0,22.0,78,16,24.9,28.5,22.1,20,17,26.3,31.0,21.6,154,18,25.8,30.0,21.3,20,19,26.5,30.7,23.0,214,20,26.7,30.7,24.5,153
«ÌªF¿¤,Åï¬¥¶m,2014,4,2,17.6,18.4,1,24.1,29.1,21.6,309,2,22.6,27.2,20.0,281,3,23.3,27.8,20.2,347,4,22.3,24.5,20.3,48,5,23.1,27.5,18.7,225,6,23.8,28.1,20.5,24,7,23.3,26.7,21.0,307,8,25.2,31.3,20.1,1,9,26.0,32.5,21.1,159,10,25.8,30.5,22.1,3
«ÌªF¿¤,Åï¬¥¶m,2014,4,1,18.4,18.2,21,18.1,20.0,16.8,291,22,19.5,22.0,17.2,244,23,21.1,25.8,17.5,12,24,22.4,29.0,17.0,11,25,23.6,30.3,17.5,3,26,25.8,31.1,21.1,1,27,26.3,31.5,23.2,16,28,26.8,31.6,21.8,62,29,26.9,31.0,23.2,42,30,26.2,30.5,23.0,228
«ÌªF¿¤,Åï¬¥¶m,2014,3,3,18.2,18.4,11,19.7,25.3,15.0,330,12,23.0,28.8,17.0,10,13,24.3,28.3,20.5,20,14,20.6,23.2,17.6,187,15,20.3,24.7,17.5,250,16,20.8,25.5,16.1,223,17,22.7,28.7,17.0,19,18,23.8,29.5,19.0,77,19,24.6,29.6,20.5,69,20,24.5,31.2,20.0,3
«ÌªF¿¤,Åï¬¥¶m,2014,3,2,18.4,15.9,1,22.6,27.5,18.3,220,2,22.7,27.3,20.3,312,3,20.3,23.1,18.2,239,4,21.7,26.0,18.3,69,5,21.4,25.7,18.6,74,6,20.7,25.1,18.3,237,7,20.4,25.5,17.3,307,8,20.6,25.5,16.7,326,9,19.1,22.3,17.0,16,10,19.0,22.0,16.8,18
«ÌªF¿¤,Åï¬¥¶m,2014,3,1,15.9,15.4,21,15.5,22.7,9.5,298,22,17.6,25.0,11.2,3,23,18.5,26.0,13.0,12,24,19.3,25.5,13.6,9,25,20.7,27.6,14.6,6,26,22.1,28.7,16.1,297,27,22.4,27.5,17.7,215,28,22.4,27.0,19.5,51
«ÌªF¿¤,Åï¬¥¶m,2014,2,3,15.4,14.2,11,13.6,18.0,11.0,17,12,17.2,22.2,12.7,2,13,18.0,23.0,15.6,326,14,15.3,17.5,13.7,14,15,16.8,21.0,13.1,333,16,19.2,24.6,14.5,233,17,21.4,28.0,15.1,234,18,22.8,27.0,18.3,219,19,16.4,20.5,12.7,347,20,16.0,22.5,12.0,237
«ÌªF¿¤,Åï¬¥¶m,2014,2,2,14.2,13.4,1,22.2,29.5,15.1,12,2,24.2,29.8,20.0,2,3,24.5,29.1,21.7,297,4,22.8,26.5,19.7,244,5,21.8,26.6,17.6,278,6,23.9,29.7,19.0,12,7,23.6,28.0,20.1,31,8,22.3,26.0,19.3,17,9,21.8,28.0,17.7,219,10,14.4,19.5,11.5,13
«ÌªF¿¤,Åï¬¥¶m,2014,2,1,13.4,14.4,21,15.6,21.6,11.6,12,22,14.3,20.8,9.2,340,23,15.1,23.1,9.0,93,24,16.4,23.8,9.7,24,25,18.9,26.8,11.8,21,26,19.6,25.7,15.5,30,27,18.4,24.0,13.0,17,28,19.5,26.3,14.3,21,29,20.1,26.8,14.6,12,30,20.9,26.7,16.6,3
«ÌªF¿¤,Åï¬¥¶m,2014,1,3,14.4,16.6,11,18.7,24.5,13.6,2,12,19.9,25.6,16.1,2,13,18.4,24.5,14.5,350,14,16.6,24.0,13.3,304,15,16.5,22.2,11.8,66,16,17.6,24.0,12.0,21,17,17.7,24.5,11.6,78,18,17.1,24.0,12.2,342,19,15.7,22.0,9.5,35,20,16.9,24.2,10.7,356
«ÌªF¿¤,Åï¬¥¶m,2014,1,2,16.6,16,1,19.4,26.5,14.0,107,2,20.9,27.8,14.7,67,3,23.6,30.0,19.6,273,4,21.2,26.7,16.2,342,5,18.4,25.5,13.6,39,6,19.1,25.5,14.5,9,7,20.0,27.0,14.5,5,8,21.2,27.0,15.6,18,9,18.3,23.2,14.7,309,10,17.8,24.5,13.3,345
«ÌªF¿¤,Åï¬¥¶m,2014,1,1,16,20,21,17.8,22.5,14.8,344,22,18.1,23.1,14.6,332,23,19.9,26.0,15.1,345,24,19.1,24.6,15.0,1,25,19.8,25.2,16.5,328,26,18.3,23.7,14.6,9,27,14.4,19.5,11.0,11,28,14.6,20.1,9.6,334,29,16.5,21.8,13.5,337,30,18.0,24.2,12.8,7
«ÌªF¿¤,Åï¬¥¶m,2013,12,3,20,16,11,20.4,24.8,18.1,2,12,21.1,25.5,20.2,14,13,22.0,27.0,18.8,4,14,21.2,26.0,19.5,1,15,22.7,27.1,20.1,26,16,23.1,28.5,19.5,314,17,18.8,21.8,15.7,8,18,17.3,19.2,15.0,325,19,15.6,17.5,13.7,2,20,17.3,22.2,13.5,4
«ÌªF¿¤,Åï¬¥¶m,2013,12,2,16,17.3,1,18.9,25.5,13.5,329,2,19.4,25.7,14.0,6,3,19.6,26.3,14.3,359,4,19.0,25.2,14.0,12,5,18.8,25.7,13.5,291,6,20.0,27.8,13.3,2,7,21.4,28.1,16.7,99,8,22.5,27.2,18.2,2,9,23.7,29.6,19.0,348,10,21.9,26.0,19.2,97
«ÌªF¿¤,Åï¬¥¶m,2013,12,1,17.3,17.9,21,22.6,28.7,19.5,4,22,22.4,25.8,20.3,23,23,23.0,29.8,18.5,10,24,23.9,29.6,18.6,2,25,23.3,26.3,20.2,310,26,23.1,27.8,20.2,18,27,22.4,27.2,18.6,349,28,18.8,22.6,16.0,318,29,17.4,22.6,13.3,2,30,17.6,24.0,12.2,6
«ÌªF¿¤,Åï¬¥¶m,2013,11,3,17.9,18.4,11,26.5,29.5,25.0,137,12,25.2,28.6,22.8,235,13,25.3,31.0,22.0,343,14,25.1,29.8,21.0,317,15,25.1,29.5,21.8,197,16,24.9,31.3,21.7,7,17,23.1,27.6,20.0,290,18,21.7,27.0,19.0,4,19,20.1,25.3,16.5,16,20,21.5,26.3,17.5,3
«ÌªF¿¤,Åï¬¥¶m,2013,11,2,18.4,19.9,1,26.2,31.7,22.2,2,2,25.1,30.0,23.5,84,3,25.6,31.0,23.3,106,4,26.2,30.2,23.7,1,5,25.9,30.0,23.7,7,6,26.2,30.0,23.6,3,7,25.5,29.3,23.2,346,8,26.4,31.8,23.8,2,9,25.5,30.0,22.5,57,10,26.6,31.1,24.0,6
«ÌªF¿¤,Åï¬¥¶m,2013,11,1,19.9,22.2,21,25.6,29.5,22.7,7,22,24.2,29.2,21.0,1,23,24.0,28.8,20.8,152,24,24.4,30.7,20.0,331,25,23.6,26.5,21.5,211,26,23.3,28.3,19.5,228,27,23.2,29.3,19.0,252,28,23.6,29.3,18.6,317,29,24.1,29.3,19.1,299,30,24.9,30.3,20.0,350
«ÌªF¿¤,Åï¬¥¶m,2013,10,3,22.2,21.9,11,28.0,33.2,24.7,140,12,27.7,32.0,25.2,90,13,27.3,32.5,24.5,10,14,27.2,33.0,23.0,3,15,27.2,31.5,24.0,219,16,25.7,30.5,22.0,22,17,24.9,29.5,21.0,82,18,25.9,31.0,21.5,3,19,25.5,31.5,23.0,112,20,26.0,31.0,23.0,15
«ÌªF¿¤,Åï¬¥¶m,2013,10,2,21.9,19.1,1,27.9,32.1,26.0,35,2,27.8,31.7,24.1,66,3,26.3,30.7,22.2,12,4,25.9,31.3,21.8,203,5,27.2,34.1,22.1,359,6,26.5,29.6,23.3,348,7,27.8,34.5,25.1,4,8,28.1,33.5,24.3,219,9,28.1,34.5,24.1,2,10,28.2,33.3,25.3,202
«ÌªF¿¤,Åï¬¥¶m,2013,10,1,19.1,19.4,21,26.2,29.7,25.0,274,22,28.4,31.5,25.0,163,23,27.8,33.5,24.8,23,24,26.8,32.1,25.0,136,25,27.7,32.6,23.6,224,26,26.9,32.2,23.7,333,27,27.1,31.8,24.0,89,28,27.6,32.1,24.3,19,29,28.0,34.5,24.5,104,30,28.4,34.0,24.5,6
«ÌªF¿¤,Åï¬¥¶m,2013,9,3,19.4,20.9,11,28.9,34.0,25.2,23,12,27.8,32.0,25.5,101,13,28.3,33.8,25.3,16,14,28.0,34.0,24.1,93,15,27.9,32.6,25.3,356,16,27.2,34.2,24.6,8,17,26.6,,,351,18,28.3,34.8,22.7,15,19,29.3,34.7,25.5,4,20,28.8,33.6,25.5,22
«ÌªF¿¤,Åï¬¥¶m,2013,9,2,20.9,20.4,1,24.8,27.6,23.5,3,2,26.4,31.0,21.2,152,3,27.4,32.1,22.7,158,4,27.7,32.6,24.5,96,5,27.8,33.7,23.5,16,6,28.3,33.6,25.0,1,7,28.6,33.6,24.7,8,8,28.6,33.5,25.0,17,9,29.4,34.2,25.0,243,10,28.5,33.8,25.1,2
«ÌªF¿¤,Åï¬¥¶m,2013,9,1,20.4,25,21,28.3,33.7,25.2,247,22,28.3,30.6,25.0,187,23,25.9,27.8,24.5,129,24,28.5,32.1,24.2,89,25,27.9,33.8,25.0,289,26,29.1,34.0,24.7,220,27,29.0,34.1,26.0,7,28,27.2,26.6,25.5,30,29,25.0,27.5,22.8,6,30,25.4,27.1,24.0,117
«ÌªF¿¤,Åï¬¥¶m,2013,8,3,25,99999,11,29.5,35.6,25.5,6,12,28.6,33.7,26.0,11,13,27.8,32.1,25.7,96,14,27.3,34.5,25.1,17,15,27.6,31.6,25.2,42,16,27.5,32.2,23.8,215,17,27.2,33.6,25.3,2,18,28.9,34.3,25.0,343,19,28.9,34.2,25.5,7,20,27.4,30.0,25.6,316
