屏東縣,枋山地區,2016,5,3,264.89,201,11,24.3,,,45,12,26.6,31.3,24.3,41,13,27.4,,,50,14,28.1,33.3,25.9,42,15,28.7,34.5,25.4,42,16,26.2,33.8,23.4,46,17,25.5,30.3,23.1,50,18,27.1,31.9,22.8,38,19,27.6,32.4,23.5,39,20,28.0,,,39
屏東縣,枋山地區,2016,5,2,201,93.25,1,26.8,31.4,23.5,43,2,28.2,34.4,23.7,43,3,27.6,32.8,24.3,318,4,28.3,,,47,5,29.0,35.9,24.3,191,6,28.1,33.8,24.1,132,7,28.2,,,227,8,29.0,36.0,24.8,43,9,29.6,38.1,25.0,194,10,28.4,33.3,24.1,123
屏東縣,枋山地區,2016,5,1,93.25,13.43,21,28.2,33.1,24.0,43,22,27.2,31.8,23.7,42,23,26.7,33.2,22.6,221,24,25.9,32.4,22.2,41,25,26.4,31.5,22.5,43,26,26.8,32.2,22.9,230,27,27.2,30.8,24.2,295,28,25.5,29.0,22.2,48,29,23.1,,,55,30,24.6,28.6,22.3,45
屏東縣,枋山地區,2016,4,3,13.43,3.6,11,23.1,26.4,21.7,51,12,25.1,30.6,20.9,46,13,23.7,,,53,14,24.0,,,35,15,25.0,30.5,22.5,46,16,26.3,,,242,17,26.3,31.7,21.2,47,18,26.0,32.0,22.5,53,19,24.5,27.7,21.7,53,20,27.1,31.0,24.4,30
屏東縣,枋山地區,2016,4,2,3.6,7.38,1,23.2,28.0,19.5,48,2,24.7,,,48,3,25.0,,,51,4,24.0,,,286,5,24.6,30.3,20.9,45,6,27.3,35.0,21.3,47,7,26.9,32.5,22.7,200,8,26.1,,,244,9,25.5,31.0,20.3,47,10,25.1,29.9,21.1,305
屏東縣,枋山地區,2016,4,1,7.38,1.2,21,22.8,26.3,21.2,55,22,23.6,28.4,19.9,42,23,23.3,28.2,20.6,51,24,18.3,21.7,15.4,57,25,16.4,18.2,15.0,46,26,17.7,,,52,27,19.4,25.6,16.7,46,28,18.8,22.5,16.6,56,29,20.6,23.9,18.0,51,30,23.2,27.9,20.4,47
屏東縣,枋山地區,2016,3,3,1.2,1.1,11,17.8,18.8,15.2,55,12,20.7,24.2,18.0,53,13,23.6,26.1,21.5,46,14,19.6,24.0,17.0,58,15,19.1,20.6,16.5,57,16,22.3,27.8,18.5,42,17,24.4,29.8,20.2,49,18,25.3,30.1,20.0,199,19,25.2,,,302,20,22.9,26.0,21.3,57
屏東縣,枋山地區,2016,3,2,1.1,2.4,1,17.9,,,58,2,19.0,23.1,17.0,54,3,20.8,25.1,17.9,57,4,23.0,27.0,20.8,46,5,23.2,28.0,21.0,54,6,22.8,27.5,19.0,36,7,22.8,28.5,18.2,36,8,23.8,30.9,19.1,237,9,23.1,29.1,20.4,60,10,20.2,22.5,16.6,49
屏東縣,枋山地區,2016,3,1,2.4,10.7,21,18.3,21.1,16.5,62,22,22.3,26.2,19.1,55,23,21.1,24.6,18.8,60,24,19.3,21.6,18.0,58,25,19.3,22.6,17.5,54,26,20.7,25.8,18.2,42,27,20.9,26.0,16.3,51,28,21.8,26.5,19.9,55,29,20.4,24.2,17.0,56
屏東縣,枋山地區,2016,2,3,10.7,4,11,23.6,28.2,20.5,54,12,24.3,28.9,20.3,198,13,23.2,28.9,19.2,236,14,22.8,28.6,18.7,56,15,17.3,19.2,16.1,56,16,16.4,17.8,15.0,47,17,18.9,23.4,16.8,52,18,20.7,25.2,17.8,53,19,20.8,26.8,15.9,48,20,18.3,23.2,14.9,56
屏東縣,枋山地區,2016,2,2,4,5.9,1,20.3,23.8,18.1,55,2,18.7,20.5,17.5,53,3,19.7,23.6,16.9,39,4,21.0,25.6,17.1,37,5,18.9,22.9,14.5,51,6,16.3,21.0,13.4,52,7,16.2,21.2,12.7,39,8,17.2,21.0,13.8,52,9,18.8,22.4,15.4,60,10,20.7,23.4,18.8,57
屏東縣,枋山地區,2016,2,1,5.9,2.6,21,22.8,27.3,19.6,51,22,21.7,24.4,20.3,46,23,17.1,20.6,12.8,41,24,10.3,13.7,7.4,43,25,12.5,15.1,7.4,42,26,17.2,20.2,14.5,57,27,19.7,21.3,17.8,59,28,22.1,24.3,19.8,55,29,23.1,28.3,20.1,49,30,21.5,23.1,19.6,40
屏東縣,枋山地區,2016,1,3,2.6,1.5,11,21.7,27.6,18.7,48,12,21.1,22.8,18.0,53,13,18.1,20.5,16.9,44,14,19.0,21.9,15.6,45,15,19.7,23.5,16.5,32,16,21.2,24.4,16.7,54,17,22.0,25.3,19.2,40,18,19.6,22.7,16.8,56,19,20.0,22.2,18.7,57,20,21.1,23.5,19.4,59
屏東縣,枋山地區,2016,1,2,1.5,4.125,1,22.2,26.0,19.9,50,2,21.2,24.7,19.0,7,3,22.2,26.1,19.8,43,4,23.6,26.7,21.0,40,5,23.4,28.9,19.5,39,6,22.9,26.3,21.0,45,7,21.6,24.0,20.5,56,8,19.9,25.0,16.4,41,9,21.0,23.5,17.0,59,10,22.2,25.1,19.3,44
屏東縣,枋山地區,2016,1,1,4.125,19.6,21,23.8,27.6,20.6,56,22,24.8,27.5,22.4,50,23,23.8,28.4,19.6,41,24,24.1,29.2,20.2,46,25,22.0,25.2,19.9,66,26,22.1,26.0,20.2,57,27,22.4,27.0,18.2,53,28,21.0,23.4,19.8,60,29,20.7,24.5,18.9,55,30,20.7,25.1,14.8,36
屏東縣,枋山地區,2015,12,3,19.6,18.7,11,21.8,25.4,17.9,55,12,22.6,25.3,20.5,53,13,23.6,26.2,21.5,35,14,23.0,26.4,18.6,59,15,22.5,25.4,19.9,39,16,19.2,21.9,17.2,49,17,16.7,19.1,15.2,42,18,18.7,22.4,15.2,40,19,20.9,23.8,18.6,46,20,22.3,24.9,20.5,42
屏東縣,枋山地區,2015,12,2,18.7,3.571428571,1,23.2,27.6,19.7,52,2,22.3,26.8,17.9,44,3,22.0,25.0,19.4,55,4,21.3,23.8,19.4,56,5,23.3,25.1,20.6,51,6,22.6,27.2,21.0,57,7,22.8,25.3,21.6,62,8,23.2,26.5,21.8,50,9,23.1,26.2,21.1,53,10,22.8,26.7,19.0,171
屏東縣,枋山地區,2015,12,1,3.571428571,29.4,21,23.9,26.2,21.0,42,22,25.5,28.5,23.9,41,23,25.4,29.1,21.4,42,24,25.2,29.0,23.4,38,25,24.1,27.9,20.8,45,26,20.2,22.8,17.5,57,27,18.7,20.9,17.2,53,28,22.4,25.7,19.7,54,29,23.3,28.0,19.9,47,30,23.7,27.9,20.2,63
屏東縣,枋山地區,2015,11,3,29.4,4.9,11,24.6,27.9,23.5,44,12,25.4,28.8,23.3,49,13,25.2,29.9,21.6,50,14,26.2,30.3,22.6,44,15,25.7,28.4,24.5,51,16,26.5,30.5,23.6,68,17,27.6,31.6,25.5,44,18,26.2,30.2,21.7,46,19,26.2,29.4,24.2,28,20,25.3,27.2,23.0,33
屏東縣,枋山地區,2015,11,2,4.9,33.9,1,25.0,29.5,21.9,49,2,24.3,27.0,23.3,41,3,25.3,28.4,23.7,43,4,26.3,30.1,24.1,38,5,26.3,29.1,24.8,37,6,26.7,31.0,24.8,40,7,27.1,31.1,24.9,44,8,26.5,30.7,24.0,43,9,25.8,30.8,21.6,52,10,25.1,27.6,23.8,50
屏東縣,枋山地區,2015,11,1,33.9,67,21,23.5,25.4,20.7,47,22,25.5,27.0,24.2,43,23,25.3,30.3,22.5,46,24,25.9,30.8,22.9,43,25,25.8,28.6,24.0,57,26,24.6,27.0,22.9,44,27,24.6,28.4,22.0,45,28,25.6,29.0,21.8,48,29,25.1,29.5,21.2,49,30,25.3,30.0,20.2,43
屏東縣,枋山地區,2015,10,3,67,40.8,11,25.7,28.6,24.1,50,12,24.5,27.0,23.6,60,13,24.5,27.1,23.3,56,14,24.8,29.0,23.1,53,15,25.3,28.7,22.5,63,16,26.2,30.3,22.5,41,17,25.9,29.9,23.8,41,18,26.1,30.4,23.8,42,19,25.0,27.5,22.8,39,20,23.8,25.2,21.5,42
屏東縣,枋山地區,2015,10,2,40.8,74.1,1,27.7,32.4,24.2,59,2,27.6,30.7,25.0,50,3,27.8,31.3,24.9,60,4,27.9,31.0,25.9,49,5,27.3,31.9,24.6,45,6,26.6,30.8,24.0,57,7,27.1,31.5,23.7,50,8,26.9,31.3,23.3,269,9,27.1,31.1,23.6,50,10,26.8,31.7,25.1,51
屏東縣,枋山地區,2015,10,1,74.1,38.5,21,26.4,30.8,22.1,46,22,26.8,31.8,22.7,237,23,27.0,31.2,23.2,42,24,26.9,31.0,23.2,304,25,26.0,31.0,23.5,48,26,25.8,29.1,23.9,55,27,25.8,30.6,22.9,47,28,25.4,27.6,22.7,329,29,27.5,29.8,25.1,49,30,28.2,31.3,25.9,51
屏東縣,枋山地區,2015,9,3,38.5,103.8,11,27.2,32.8,24.9,39,12,27.1,31.7,24.6,51,13,26.8,30.3,23.4,39,14,27.3,30.2,25.7,42,15,28.5,33.0,25.7,40,16,27.3,32.9,23.5,46,17,26.5,32.0,23.5,54,18,26.7,30.5,24.5,49,19,26.6,32.9,23.8,47,20,25.3,30.6,22.5,45
屏東縣,枋山地區,2015,9,2,103.8,111.8,1,26.7,32.3,22.1,46,2,28.0,34.3,23.8,39,3,28.1,33.2,24.2,43,4,27.2,32.8,23.2,45,5,27.8,32.3,23.7,301,6,28.1,32.3,24.9,313,7,26.3,29.7,24.7,47,8,27.2,29.4,26.3,58,9,26.9,30.2,25.2,43,10,26.9,31.0,25.0,51
屏東縣,枋山地區,2015,9,1,111.8,178,21,28.0,33.1,24.5,40,22,25.9,30.9,24.2,44,23,27.6,31.3,24.8,299,24,28.7,41.0,28.0,309,25,27.9,31.9,25.1,235,26,27.5,33.0,23.7,190,27,24.9,30.5,23.4,44,28,25.3,29.7,23.3,45,29,24.1,28.2,22.3,43,30,24.6,29.5,22.7,116
屏東縣,枋山地區,2015,8,3,178,378.1,11,28.4,32.5,24.2,233,12,27.6,31.8,24.9,303,13,28.2,32.3,25.8,258,14,27.5,33.1,23.8,2,15,27.9,32.4,23.7,256,16,27.9,32.6,24.9,304,17,26.9,29.9,24.8,6,18,26.7,31.9,23.7,233,19,27.5,33.4,23.9,32,20,28.3,31.9,24.4,41
屏東縣,枋山地區,2015,8,2,378.1,232.8,1,28.3,33.8,23.2,49,2,28.9,34.6,24.1,38,3,28.6,34.0,24.0,44,4,28.0,33.5,24.0,249,5,27.4,33.0,23.7,45,6,27.4,32.5,22.9,44,7,27.6,33.1,23.9,248,8,25.6,27.8,22.9,185,9,28.1,30.9,25.8,184,10,28.4,32.9,25.8,217
屏東縣,枋山地區,2015,8,1,232.8,487.2,21,27.2,32.2,23.0,202,22,26.9,31.2,23.1,234,23,27.4,31.9,24.1,238,24,27.6,32.1,23.7,266,25,27.9,31.4,25.4,286,26,28.1,32.2,25.6,260,27,28.1,32.2,25.2,244,28,27.2,32.3,24.6,238,29,27.4,32.4,23.9,225,30,27.5,32.4,22.8,222
屏東縣,枋山地區,2015,7,3,487.2,817.9,11,28.0,30.5,26.9,249,12,28.2,31.2,26.5,230,13,26.3,31.8,23.7,43,14,27.1,32.5,24.1,46,15,27.5,32.2,23.4,231,16,28.1,33.1,24.3,49,17,28.1,32.3,24.6,42,18,26.0,29.2,23.7,54,19,25.5,28.3,23.9,160,20,26.4,28.7,24.5,172
屏東縣,枋山地區,2015,7,2,817.9,1075.6,1,30.1,33.9,28.0,266,2,30.4,34.4,28.4,258,3,29.2,34.1,25.3,242,4,30.3,34.7,26.1,50,5,29.0,34.0,26.0,50,6,27.2,30.7,24.6,42,7,25.7,28.2,23.4,61,8,25.5,29.3,23.7,132,9,27.2,33.0,24.0,51,10,28.0,30.9,25.0,239
屏東縣,枋山地區,2015,7,1,1075.6,99999,21,30.0,35.5,25.5,54,22,29.6,34.1,26.0,49,23,28.1,34.5,23.8,48,24,28.4,33.6,24.8,54,25,29.3,33.8,25.9,298,26,30.0,33.3,28.2,248,27,30.4,34.2,28.4,243,28,30.4,33.9,28.2,299,29,29.7,33.2,27.0,267,30,29.7,33.7,26.6,269
屏東縣,枋山地區,2015,6,2,2964.6,1413.2,1,27.3,32.1,24.0,244,2,28.1,32.8,24.3,217,3,28.6,32.6,25.0,266,4,28.0,32.6,24.1,51,5,28.5,32.1,25.4,268,6,28.3,32.0,24.7,255,7,28.5,33.2,24.1,235,8,28.4,32.7,24.7,44,9,29.2,33.4,25.4,291,10,29.2,34.2,25.1,291
屏東縣,枋山地區,2015,6,1,1413.2,1467.2,21,24.8,28.0,22.3,49,22,24.8,28.3,23.4,44,23,24.4,26.1,23.0,147,24,25.1,26.6,23.6,229,25,24.2,26.5,22.6,231,26,24.6,27.0,23.6,217,27,26.0,29.5,23.0,292,28,27.4,31.1,25.0,308,29,27.9,32.3,25.5,247,30,28.4,31.6,26.4,268
屏東縣,枋山地區,2015,5,3,1467.2,1187.2,11,26.5,28.8,23.4,314,12,26.2,29.9,22.7,48,13,27.2,33.3,22.8,47,14,27.7,34.2,22.5,192,15,27.8,32.5,23.4,225,16,27.7,32.1,24.2,244,17,27.8,32.9,22.5,236,18,27.9,32.5,23.5,231,19,28.8,33.4,25.3,269,20,28.9,34.0,25.9,50
屏東縣,枋山地區,2015,5,2,1187.2,703.3,1,27.1,32.1,24.5,42,2,27.3,31.5,23.2,48,3,27.4,31.8,24.9,317,4,26.4,31.9,22.7,44,5,26.3,32.3,24.1,50,6,27.2,32.3,22.9,47,7,26.9,31.8,23.3,56,8,27.6,32.0,24.5,29,9,27.0,32.5,22.9,238,10,28.6,33.5,24.5,48
屏東縣,枋山地區,2015,5,1,703.3,270.9,21,23.9,28.3,21.8,47,22,24.0,27.7,22.1,50,23,25.1,30.4,21.8,51,24,25.7,29.5,23.4,52,25,25.4,30.2,22.6,49,26,25.4,31.1,23.0,54,27,26.2,31.0,23.2,43,28,26.3,31.0,22.3,253,29,25.8,29.8,22.4,273,30,26.4,31.6,22.4,52
屏東縣,枋山地區,2015,4,3,270.9,128.6,11,22.0,27.3,19.2,37,12,23.0,28.3,19.8,39,13,22.1,26.0,19.2,51,14,21.0,27.0,14.3,41,15,22.4,28.6,17.2,51,16,24.8,30.5,19.9,37,17,26.4,32.6,20.0,43,18,28.1,33.1,24.6,171,19,26.8,31.1,23.9,231,20,26.2,30.5,22.8,248
屏東縣,枋山地區,2015,4,2,128.6,122,1,25.5,31.1,21.2,40,2,25.3,31.4,20.4,202,3,25.3,31.2,20.3,42,4,26.7,33.9,19.9,52,5,27.9,32.9,25.4,64,6,24.9,26.8,21.9,60,7,25.6,31.4,21.8,57,8,21.6,24.6,20.0,56,9,23.4,28.4,20.0,59,10,24.0,27.9,20.9,44
屏東縣,枋山地區,2015,4,1,122,79.1,21,25.2,30.6,20.9,43,22,24.2,,,56,23,23.5,28.6,22.1,62,24,23.0,28.2,20.6,54,25,22.4,25.4,20.5,49,26,22.2,X,-10.0,46,27,23.7,27.9,21.4,53,28,22.3,26.2,20.6,47,29,23.7,29.1,21.0,49,30,25.9,32.1,22.2,40
屏東縣,枋山地區,2015,3,3,79.1,15.4,11,20.9,24.1,19.1,52,12,21.0,24.3,19.3,47,13,22.0,26.2,18.3,52,14,23.1,28.0,17.1,46,15,25.2,32.4,20.4,163,16,24.1,28.1,20.7,186,17,24.9,30.9,20.8,57,18,24.0,30.8,18.4,194,19,24.9,29.7,20.0,239,20,24.8,29.5,21.2,51
屏東縣,枋山地區,2015,3,2,15.4,8.1,1,21.2,26.3,18.6,57,2,21.4,25.5,18.8,54,3,23.6,29.6,19.0,50,4,22.4,26.0,20.3,53,5,23.3,29.0,19.9,56,6,22.5,27.2,18.2,53,7,23.0,27.4,19.4,41,8,23.6,27.7,19.2,49,9,22.4,28.8,19.2,63,10,19.7,21.5,18.9,59
屏東縣,枋山地區,2015,3,1,8.1,6.9,21,22.4,24.8,20.7,46,22,22.8,27.0,19.0,244,23,23.4,27.9,20.2,38,24,23.2,27.3,19.4,241,25,23.7,28.1,20.4,259,26,23.6,29.1,19.9,233,27,24.5,29.4,21.1,61,28,22.8,28.2,19.1,258
屏東縣,枋山地區,2015,2,3,6.9,1,11,18.1,24.6,13.3,51,12,18.2,25.1,11.8,59,13,19.9,24.0,17.4,47,14,20.9,23.8,19.2,56,15,23.0,26.9,21.1,39,16,23.8,28.0,21.7,56,17,22.9,27.5,20.8,60,18,21.6,25.8,19.9,58,19,20.5,23.4,18.8,61,20,21.3,25.8,18.7,55
屏東縣,枋山地區,2015,2,2,1,7.9,1,19.6,23.1,18.0,51,2,20.4,25.0,17.1,36,3,19.7,25.6,15.3,39,4,20.1,24.8,16.3,47,5,18.1,22.2,15.1,34,6,18.2,22.7,16.3,51,7,19.7,24.2,17.0,12,8,18.0,23.1,15.2,60,9,16.9,21.2,15.7,58,10,18.1,22.0,15.1,60
屏東縣,枋山地區,2015,2,1,7.9,1.7,21,20.0,24.4,17.2,43,22,20.0,24.0,17.7,56,23,18.5,22.0,16.7,57,24,19.8,23.1,17.3,54,25,21.8,24.9,20.2,52,26,23.2,26.7,20.8,49,27,21.1,23.6,18.4,47,28,20.8,24.2,19.5,58,29,21.8,26.4,19.5,39,30,20.9,25.9,17.5,51
屏東縣,枋山地區,2015,1,3,1.7,5.3,11,19.9,23.7,17.9,45,12,19.6,22.0,17.5,63,13,21.3,23.5,19.1,64,14,20.4,24.4,17.3,51,15,19.8,22.8,18.2,62,16,20.5,24.5,18.8,44,17,19.1,21.7,17.9,42,18,19.5,22.4,17.6,41,19,19.3,21.3,17.2,43,20,20.0,23.1,17.8,54
屏東縣,枋山地區,2015,1,2,5.3,12.1,1,18.5,20.8,16.5,55,2,17.9,21.9,16.3,55,3,19.3,23.0,17.3,54,4,21.1,25.4,17.5,54,5,23.1,27.1,20.4,41,6,23.5,28.0,19.8,49,7,22.1,25.6,19.8,61,8,18.4,20.4,17.1,52,9,18.9,22.4,17.3,52,10,19.8,23.3,17.5,36
屏東縣,枋山地區,2015,1,1,12.1,7,21,20.1,22.8,18.6,56,22,18.2,20.5,16.8,58,23,20.1,22.8,17.5,52,24,22.8,,,41,25,20.3,22.2,17.7,56,26,19.9,22.8,17.8,57,27,21.1,23.9,19.8,37,28,21.1,25.9,18.3,46,29,18.3,22.1,16.3,55,30,19.3,22.7,17.5,58
屏東縣,枋山地區,2014,12,3,7,0,11,23.6,26.0,21.7,48,12,21.0,23.7,18.6,48,13,18.9,21.2,18.1,52,14,20.5,22.8,18.6,57,15,22.9,26.9,20.9,48,16,20.0,24.2,16.8,58,17,16.5,18.8,15.4,56,18,18.3,21.3,15.7,46,19,19.3,21.3,17.4,34,20,19.7,22.7,18.1,49
屏東縣,枋山地區,2014,12,2,0,0,1,23.2,26.2,20.9,62,2,20.9,22.0,20.2,55,3,22.4,25.0,18.8,51,4,21.1,23.6,18.6,43,5,18.5,20.6,16.4,55,6,19.9,22.2,18.5,65,7,21.5,24.3,20.0,41,8,22.9,26.2,21.2,44,9,23.0,24.8,20.9,34,10,24.1,26.8,22.1,38
屏東縣,枋山地區,2014,12,1,0,0,21,24.9,28.7,20.3,56,22,25.5,28.2,24.0,57,23,25.7,29.3,23.4,38,24,25.5,29.5,23.1,33,25,25.0,30.2,20.5,47,26,25.7,29.2,23.4,62,27,26.5,30.2,24.4,43,28,26.8,30.6,24.8,56,29,26.9,30.4,25.6,40,30,26.1,30.2,23.5,48
屏東縣,枋山地區,2014,11,3,0,66,11,24.4,31.6,-10.0,48,12,24.5,27.0,23.4,62,13,23.9,27.5,22.6,57,14,24.0,27.9,22.3,50,15,23.7,27.2,20.1,36,16,24.2,26.7,21.1,39,17,24.3,27.9,20.8,45,18,23.7,27.0,22.2,41,19,23.3,27.4,21.6,49,20,24.2,28.6,21.3,52
屏東縣,枋山地區,2014,11,2,66,158.9,1,25.2,30.2,20.0,43,2,25.4,31.3,21.2,54,3,23.0,25.9,21.5,58,4,23.1,26.5,21.6,57,5,23.3,29.8,20.4,48,6,22.9,26.7,19.8,47,7,23.4,26.2,21.6,51,8,24.3,30.0,21.6,39,9,24.1,27.7,20.5,47,10,24.3,28.8,22.5,43
屏東縣,枋山地區,2014,11,1,158.9,81.4,21,26.0,31.4,22.6,45,22,25.5,30.5,22.0,55,23,24.7,27.7,23.5,58,24,25.6,29.5,22.9,45,25,25.7,29.6,23.8,48,26,26.2,30.1,21.8,31,27,26.3,30.2,23.9,45,28,25.2,27.8,23.9,59,29,25.3,29.1,23.0,52,30,25.6,29.4,24.2,45
屏東縣,枋山地區,2014,10,3,81.4,37.2,11,26.7,32.2,22.5,227,12,26.4,30.7,22.8,50,13,25.0,27.8,23.1,54,14,23.6,27.0,22.2,54,15,23.2,26.3,21.6,53,16,23.6,28.2,21.2,47,17,25.2,30.0,22.5,37,18,24.6,28.0,22.4,48,19,25.7,29.0,23.8,46,20,27.0,31.0,24.9,47
屏東縣,枋山地區,2014,10,2,37.2,35.5,1,27.4,31.5,24.7,41,2,27.4,32.3,23.6,47,3,25.8,30.7,22.8,52,4,24.9,27.7,23.8,52,5,25.2,28.9,20.3,44,6,25.5,28.9,23.6,40,7,24.9,28.6,22.9,37,8,25.4,29.4,23.1,46,9,25.4,30.7,21.7,46,10,26.2,31.2,21.9,43
屏東縣,枋山地區,2014,10,1,35.5,153.9,21,25.1,26.6,22.7,293,22,26.3,30.4,24.3,228,23,26.4,29.7,23.6,220,24,26.8,31.9,23.8,248,25,27.3,32.3,23.4,42,26,27.0,32.2,23.6,53,27,27.6,32.5,24.6,37,28,27.4,32.0,24.7,51,29,27.1,31.4,24.0,37,30,27.9,32.0,24.4,62
屏東縣,枋山地區,2014,9,3,153.9,173.1,11,29.1,34.0,26.4,44,12,28.9,33.9,24.8,54,13,28.6,34.1,24.2,50,14,29.1,34.2,26.2,44,15,27.4,29.6,25.2,70,16,28.8,32.5,25.0,83,17,27.9,33.2,24.1,42,18,28.7,32.8,25.3,44,19,27.7,29.8,25.2,39,20,25.5,27.9,23.0,62
屏東縣,枋山地區,2014,9,2,173.1,252.9,1,28.5,,,45,2,28.4,33.6,23.8,40,3,28.2,32.6,24.7,45,4,28.8,33.9,24.8,41,5,29.3,34.0,27.0,33,6,29.8,34.2,26.5,39,7,28.1,32.9,24.9,44,8,28.1,32.5,25.5,251,9,28.4,34.5,24.8,44,10,29.2,35.4,25.1,47
屏東縣,枋山地區,2014,9,1,252.9,81.4,21,26.6,32.1,21.8,44,22,27.6,32.7,24.2,52,23,27.6,33.8,22.5,39,24,28.1,33.4,23.6,40,25,28.8,33.9,24.8,40,26,28.7,33.0,26.7,39,27,29.0,33.7,26.4,46,28,29.4,35.0,25.6,49,29,27.4,31.5,24.6,53,30,28.4,33.7,24.5,45
屏東縣,枋山地區,2014,8,3,81.4,0,11,25.8,,,17,12,25.2,27.3,23.6,55,13,25.0,,,299,14,28.0,30.5,27.3,267,15,27.5,28.7,25.7,32,16,27.0,32.4,24.6,43,17,28.0,32.4,24.2,53,18,25.5,29.9,23.5,45,19,26.9,32.3,23.1,52,20,26.9,31.4,23.3,44
屏東縣,枋山地區,2014,8,2,0,251.7,1,27.8,30.8,24.6,264,2,28.6,32.2,26.4,249,3,28.0,32.7,25.3,200,4,28.5,35.0,24.5,54,5,28.1,33.0,25.0,34,6,27.9,33.1,23.4,243,7,26.2,,,253,8,26.0,,,261,9,26.7,,,24,10,26.8,,,256
屏東縣,枋山地區,2014,8,1,251.7,192.1,21,29.5,34.0,27.4,35,22,27.6,30.3,24.8,38,23,27.2,28.6,24.2,218,24,28.0,30.1,25.9,200,25,26.4,31.3,24.2,40,26,28.3,32.1,25.3,48,27,28.8,33.3,25.8,58,28,28.3,33.1,24.2,42,29,28.9,33.1,25.6,34,30,28.6,33.7,24.3,37
屏東縣,枋山地區,2014,7,3,192.1,956.4,11,29.2,33.7,26.0,230,12,29.5,34.1,25.6,229,13,29.7,34.7,25.8,272,14,29.9,34.9,27.0,295,15,29.5,34.7,25.7,33,16,29.2,33.3,26.4,43,17,27.3,31.2,24.5,62,18,28.0,32.3,25.3,54,19,28.3,34.1,24.4,43,20,29.1,33.7,26.0,33
屏東縣,枋山地區,2014,7,2,956.4,884.1,1,28.9,33.3,25.3,247,2,29.3,33.5,25.1,257,3,29.5,33.2,27.2,321,4,30.1,34.7,27.0,17,5,29.1,33.5,25.9,48,6,29.2,32.9,26.7,235,7,28.0,33.8,24.8,299,8,29.0,31.9,26.1,323,9,29.0,32.6,27.1,223,10,28.9,33.5,26.2,231
屏東縣,枋山地區,2014,7,1,884.1,0,21,28.2,32.6,25.5,119,22,28.4,32.7,26.2,200,23,28.7,32.8,25.0,224,24,27.2,31.1,24.3,233,25,28.1,31.9,24.5,232,26,28.6,32.6,25.5,255,27,28.7,33.7,24.0,43,28,28.2,33.4,25.1,61,29,28.3,33.0,24.7,158,30,28.6,33.0,25.3,48
屏東縣,枋山地區,2014,6,3,0,0,11,27.9,32.8,24.7,52,12,26.4,28.1,25.3,52,13,25.4,27.3,23.8,57,14,25.9,28.3,23.5,56,15,27.6,30.7,24.6,152,16,27.9,31.9,24.4,229,17,28.3,31.0,26.9,251,18,28.7,32.1,26.6,271,19,28.0,32.7,25.3,235,20,28.3,33.6,24.2,241
屏東縣,枋山地區,2014,6,2,0,1088.3,1,28.4,33.4,25.1,38,2,29.0,34.2,24.4,267,3,26.9,32.5,24.0,46,4,25.3,28.5,23.5,229,5,26.9,31.0,24.1,239,6,27.1,30.5,23.1,49,7,25.8,31.8,23.4,47,8,25.8,31.0,23.7,55,9,26.3,29.5,24.0,46,10,28.2,31.7,25.0,47
屏東縣,枋山地區,2014,6,1,1088.3,0,21,25.4,31.3,23.4,44,22,27.2,31.7,22.8,240,23,27.1,30.9,24.6,46,24,28.5,32.2,25.7,45,25,28.2,32.4,23.5,43,26,28.6,37.1,24.7,266,27,28.3,32.2,25.8,259,28,26.5,30.9,24.6,233,29,28.3,X,21.2,264,30,27.8,32.7,24.6,243
屏東縣,枋山地區,2014,5,3,0,125.13,11,27.1,32.5,22.5,53,12,27.4,32.0,23.5,229,13,27.2,31.9,21.9,271,14,28.0,37.8,23.7,264,15,28.0,32.9,25.3,268,16,28.2,32.3,20.5,238,17,28.1,32.4,23.8,237,18,28.1,32.4,25.2,254,19,27.6,32.4,23.7,241,20,26.5,31.4,23.9,71
屏東縣,枋山地區,2014,5,2,125.13,84.14,1,24.4,27.7,22.3,41,2,25.3,29.7,22.1,56,3,24.7,28.4,22.6,53,4,26.1,31.2,23.4,47,5,24.5,27.9,22.2,52,6,23.7,28.0,22.2,59,7,24.9,34.1,19.9,32,8,25.9,36.7,18.8,242,9,24.9,28.5,17.7,61,10,25.6,31.9,21.3,42
屏東縣,枋山地區,2014,5,1,84.14,53.56,21,26.3,30.2,23.3,45,22,25.4,29.1,21.7,56,23,25.1,30.9,23.0,52,24,25.5,29.5,21.9,37,25,26.5,30.6,22.8,50,26,26.2,31.2,23.3,42,27,25.9,29.9,22.3,14,28,25.0,29.4,22.3,58,29,23.7,27.4,21.4,53,30,23.9,27.7,21.8,55
屏東縣,枋山地區,2014,4,3,53.56,70.89,11,25.0,29.8,22.1,43,12,25.3,30.8,20.4,45,13,25.8,30.6,21.1,35,14,23.4,27.7,21.1,59,15,22.7,26.8,20.9,56,16,23.7,27.8,21.2,47,17,25.3,31.2,21.1,43,18,25.0,29.7,20.5,39,19,26.2,31.2,21.5,22,20,25.3,29.8,21.4,241
屏東縣,枋山地區,2014,4,2,70.89,4,1,23.1,26.9,20.5,50,2,23.0,27.3,21.0,45,3,23.7,28.7,18.8,51,4,20.5,23.4,17.9,60,5,21.7,25.4,19.4,58,6,21.6,24.8,19.9,62,7,22.1,25.6,19.9,59,8,24.0,29.0,19.5,48,9,25.2,28.9,22.9,38,10,24.7,28.4,22.5,49
屏東縣,枋山地區,2014,4,1,4,9.22,21,17.5,20.2,16.7,59,22,19.2,,,55,23,21.0,24.6,18.7,53,24,22.4,26.4,19.9,55,25,24.4,30.1,21.6,54,26,25.5,30.8,21.5,37,27,27.4,33.9,23.9,50,28,27.3,40.5,0.0,46,29,25.9,31.0,22.1,193,30,23.8,29.1,21.5,60
屏東縣,枋山地區,2014,3,3,9.22,3.5,11,20.2,23.8,17.9,62,12,24.1,28.9,20.5,51,13,22.3,27.9,17.3,59,14,17.6,21.1,16.4,53,15,18.6,22.9,16.4,55,16,21.4,25.9,18.4,59,17,23.7,28.9,21.1,49,18,25.1,29.7,22.2,43,19,25.6,31.0,21.8,74,20,23.3,30.0,18.5,54
屏東縣,枋山地區,2014,3,2,3.5,4.83,1,22.5,27.3,18.4,42,2,21.8,25.5,19.9,52,3,20.9,,,55,4,22.0,26.9,17.1,232,5,20.1,22.8,17.9,55,6,20.5,26.7,18.4,43,7,21.2,25.5,19.2,52,8,21.2,,,54,9,19.5,21.5,17.8,62,10,18.9,21.8,17.1,58
屏東縣,枋山地區,2014,3,1,4.83,4.6,21,17.9,,,59,22,19.9,24.4,17.2,38,23,20.3,25.6,17.4,40,24,21.4,25.3,19.1,47,25,22.6,26.6,20.1,51,26,23.6,29.0,20.0,51,27,23.0,27.4,21.0,50,28,22.5,27.9,20.3,46
屏東縣,枋山地區,2014,2,3,4.6,2.6,11,16.6,18.6,14.8,47,12,18.8,22.3,16.4,44,13,19.7,24.7,15.9,60,14,18.3,,,42,15,18.6,20.8,17.2,60,16,20.5,,,63,17,23.3,30.1,19.7,61,18,23.1,28.9,18.1,311,19,18.8,21.7,15.0,321,20,16.7,20.1,14.6,54
屏東縣,枋山地區,2014,2,2,2.6,6,1,23.9,28.8,19.2,29,2,24.3,28.8,22.2,36,3,23.8,,,75,4,21.6,23.4,19.9,60,5,22.1,24.4,20.2,55,6,25.5,30.2,22.0,43,7,23.4,28.1,20.0,309,8,21.3,25.9,18.3,55,9,22.7,27.5,20.1,48,10,17.5,,,56
屏東縣,枋山地區,2014,2,1,6,9,21,17.2,19.5,14.6,57,22,16.4,19.9,14.7,55,23,17.6,21.8,13.9,48,24,19.8,23.4,16.8,39,25,20.3,25.2,13.5,57,26,20.5,23.9,18.8,51,27,20.4,23.9,18.2,52,28,21.1,25.6,17.6,46,29,21.5,25.6,18.5,54,30,21.5,27.0,16.6,53
屏東縣,枋山地區,2014,1,3,9,6.2,11,19.7,23.1,18.2,44,12,20.6,26.8,16.7,36,13,20.3,23.8,17.3,37,14,19.4,23.1,15.5,7,15,18.2,20.4,16.7,51,16,19.1,22.4,16.3,44,17,19.6,23.7,15.9,38,18,18.8,22.2,16.1,45,19,18.1,21.2,15.8,34,20,18.8,24.4,12.7,29
屏東縣,枋山地區,2014,1,2,6.2,5.6,1,21.5,24.5,19.9,51,2,23.2,27.5,20.5,47,3,23.4,28.2,19.4,254,4,21.5,24.0,18.8,61,5,19.5,21.9,18.5,59,6,20.0,22.7,18.4,48,7,21.5,24.4,19.6,59,8,22.3,27.2,17.6,44,9,19.8,23.0,18.1,63,10,19.7,22.9,18.1,43
屏東縣,枋山地區,2014,1,1,5.6,10.2,21,19.5,21.6,18.4,51,22,19.8,21.8,18.8,53,23,21.1,23.0,19.3,38,24,20.8,22.7,19.5,52,25,21.4,25.2,19.2,39,26,19.4,24.0,16.0,15,27,15.8,16.9,14.4,38,28,17.8,21.0,14.9,43,29,18.3,21.4,15.8,57,30,19.7,24.7,13.5,44
屏東縣,枋山地區,2013,12,3,10.2,3.7,11,20.8,22.9,19.3,59,12,21.1,23.0,19.2,51,13,22.8,25.0,20.4,49,14,23.3,24.2,22.2,54,15,24.4,27.0,22.1,52,16,25.1,28.5,21.6,43,17,20.9,23.6,16.1,29,18,18.1,20.4,15.7,38,19,17.9,21.1,15.5,33,20,19.0,20.7,17.2,47
屏東縣,枋山地區,2013,12,2,3.7,2.9,1,20.2,23.8,19.7,34,2,20.7,23.2,19.4,52,3,20.4,24.2,18.6,53,4,20.3,25.9,15.5,43,5,21.3,25.0,19.0,33,6,21.2,24.6,17.4,51,7,22.6,25.9,20.9,48,8,22.9,24.5,20.9,44,9,23.7,28.8,18.9,56,10,20.9,22.6,19.7,56
屏東縣,枋山地區,2013,12,1,2.9,6.9,21,22.9,25.6,21.7,55,22,23.5,26.0,22.2,33,23,24.3,27.3,22.3,60,24,25.7,28.2,24.0,52,25,22.1,25.9,19.8,55,26,21.5,24.3,19.8,59,27,23.1,27.8,18.5,43,28,19.8,22.9,17.7,61,29,17.8,20.0,16.7,54,30,19.3,23.3,16.7,61
屏東縣,枋山地區,2013,11,3,6.9,18.4,11,26.1,30.6,23.4,36,12,24.5,27.2,23.1,40,13,24.3,29.3,21.4,61,14,25.2,30.2,23.1,52,15,25.0,28.0,22.1,51,16,25.4,29.2,23.5,37,17,22.6,24.7,20.6,61,18,20.9,23.1,19.5,50,19,20.3,23.1,18.9,55,20,21.6,24.7,19.6,61
屏東縣,枋山地區,2013,11,2,18.4,60.2,1,26.4,,,66,2,25.2,27.0,23.7,33,3,26.0,28.4,23.8,308,4,25.9,28.7,24.7,42,5,25.7,28.8,24.3,40,6,26.0,,,33,7,25.6,28.8,23.9,44,8,26.1,29.4,24.1,42,9,25.7,27.0,23.8,62,10,27.1,30.5,25.9,78
屏東縣,枋山地區,2013,11,1,60.2,53.2,21,25.4,30.1,23.0,44,22,25.0,28.3,23.7,50,23,24.4,30.9,20.0,49,24,24.6,30.6,19.3,36,25,23.1,25.4,21.8,56,26,22.9,26.0,21.4,56,27,23.3,26.7,21.5,50,28,24.3,28.9,22.0,49,29,24.7,31.1,22.2,41,30,25.1,29.5,22.1,41
屏東縣,枋山地區,2013,10,3,53.2,113.44,11,28.0,33.1,25.6,37,12,27.9,,,39,13,26.4,29.5,23.3,38,14,26.9,32.6,23.5,31,15,26.2,30.5,22.9,52,16,24.3,26.7,22.3,58,17,25.2,30.8,22.4,38,18,25.6,30.6,21.5,32,19,25.9,30.1,23.4,42,20,26.2,29.8,23.8,43
屏東縣,枋山地區,2013,10,2,113.44,66.56,1,27.8,,,39,2,26.9,32.6,23.1,63,3,26.1,30.7,23.3,53,4,25.9,31.6,22.3,47,5,25.6,31.8,20.8,55,6,25.3,29.3,22.0,331,7,26.9,32.2,23.3,258,8,26.7,,,239,9,27.6,33.0,23.6,248,10,27.8,31.2,25.5,36
屏東縣,枋山地區,2013,10,1,66.56,73.56,21,26.0,28.4,24.4,35,22,27.3,29.4,24.3,127,23,27.6,31.7,25.1,59,24,27.7,32.4,24.5,41,25,28.0,32.5,24.9,51,26,27.0,31.0,25.5,44,27,27.1,30.9,24.9,38,28,27.7,32.5,24.3,49,29,28.3,32.2,25.0,54,30,28.7,34.3,25.7,40
屏東縣,枋山地區,2013,9,3,73.56,163.89,11,28.9,34.3,25.9,35,12,27.2,29.3,22.7,42,13,28.5,33.1,24.6,40,14,27.6,34.7,24.0,38,15,29.1,,,41,16,28.7,32.4,27.3,41,17,28.0,32.5,25.2,44,18,29.0,34.9,23.7,38,19,29.9,34.5,25.7,34,20,28.5,32.3,24.9,27
屏東縣,枋山地區,2013,9,2,163.89,187.25,1,24.9,28.5,23.5,315,2,26.2,,,56,3,26.5,,,50,4,27.0,30.4,24.4,43,5,28.0,33.3,26.1,51,6,28.6,34.5,25.6,48,7,28.8,34.2,26.3,44,8,28.6,32.5,26.1,43,9,28.8,33.3,24.9,41,10,29.5,34.1,26.6,43
屏東縣,枋山地區,2013,9,1,187.25,184.33,21,28.0,32.0,26.5,292,22,28.0,31.0,25.9,178,23,25.0,,,54,24,27.4,32.9,24.1,35,25,28.1,34.3,24.3,39,26,28.6,34.8,23.9,44,27,28.4,34.2,24.2,38,28,26.0,28.3,24.9,32,29,25.7,28.1,23.6,237,30,26.6,29.1,24.8,208
屏東縣,枋山地區,2013,8,3,184.33,99999,11,29.5,34.0,26.1,34,12,27.8,,,45,13,26.8,29.1,24.6,54,14,26.4,29.9,23.9,48,15,26.4,32.9,23.9,47,16,27.5,32.8,23.9,45,17,27.9,33.3,24.5,37,18,28.5,33.8,24.7,305,19,28.6,33.3,24.3,300,20,27.3,29.9,25.7,318
屏東縣,枋山地區,2013,8,1,499,939.8,21,28.7,33.2,25.4,42,22,28.9,33.1,25.1,35,23,30.1,33.9,26.2,48,24,29.6,,,49,25,27.6,,,231,26,28.3,33.9,23.9,240,27,28.9,34.5,24.3,229,28,28.9,35.3,24.0,47,29,29.1,33.7,24.3,61,30,29.0,34.7,26.0,47
屏東縣,枋山地區,2013,7,3,939.8,474.3,11,28.6,33.8,24.4,283,12,28.8,32.6,24.9,297,13,28.8,30.1,26.9,131,14,26.4,32.3,23.1,39,15,28.8,32.4,25.2,52,16,28.8,32.6,26.2,57,17,26.5,,,59,18,26.2,28.1,24.6,58,19,26.9,30.7,24.1,38,20,27.9,31.6,23.9,46
屏東縣,枋山地區,2013,7,2,474.3,735.1,1,30.0,30.1,27.9,58,2,30.0,,,37,3,30.1,35.0,25.5,53,4,30.3,36.1,26.6,38,5,30.0,34.8,25.9,238,6,29.6,34.8,25.7,50,7,30.0,35.8,25.2,44,8,29.3,,,32,9,28.5,,,41,10,29.2,35.3,25.3,49
屏東縣,枋山地區,2013,7,1,735.1,357.8,21,28.2,30.3,25.2,45,22,26.8,30.2,22.9,57,23,27.2,32.6,23.7,43,24,26.9,32.7,24.6,122,25,26.8,30.6,24.0,52,26,29.3,33.5,26.0,264,27,29.7,33.9,27.5,306,28,29.6,33.8,27.0,301,29,28.6,33.4,25.2,230,30,30.4,36.3,25.8,58
屏東縣,枋山地區,2013,6,3,357.8,0,11,29.6,35.3,25.8,231,12,28.7,34.3,25.1,44,13,26.4,28.4,24.5,54,14,27.1,31.6,24.2,52,15,28.6,33.5,25.4,51,16,29.3,34.5,25.6,35,17,29.1,35.1,24.3,44,18,28.6,35.1,24.2,50,19,27.9,33.2,24.3,301,20,28.9,33.8,25.6,44
屏東縣,枋山地區,2013,6,2,0,99999,1,28.8,35.1,24.2,255,2,28.5,33.6,24.3,306,3,28.9,34.4,24.2,47,4,29.1,35.0,25.0,38,5,29.2,34.8,24.8,49,6,29.3,35.3,25.4,49,7,29.8,35.0,25.1,239,8,29.2,34.7,24.7,268,9,29.9,34.7,26.7,299,10,29.5,35.3,25.5,37
屏東縣,枋山地區,2013,5,3,470.6,882.4,11,27.8,32.3,24.9,254,12,24.7,27.3,22.9,40,13,26.5,32.5,22.7,50,14,27.7,33.3,23.5,53,15,28.6,34.5,24.4,51,16,26.1,29.1,24.1,188,17,25.2,27.4,23.4,167,18,25.1,26.3,23.7,114,19,26.4,29.1,24.8,240,20,27.3,31.6,24.6,186
屏東縣,枋山地區,2013,5,2,882.4,42.3,1,22.5,26.5,19.9,55,2,20.9,22.3,18.3,58,3,22.7,25.2,20.9,53,4,25.0,29.4,22.6,55,5,26.0,30.5,23.9,66,6,25.4,29.6,23.0,55,7,26.1,30.8,23.7,42,8,26.1,29.7,24.0,50,9,28.0,33.0,24.9,50,10,28.3,33.6,24.6,312
屏東縣,枋山地區,2013,5,1,42.3,265.3,21,23.3,26.9,19.9,56,22,22.7,24.7,21.3,54,23,25.9,30.8,21.9,54,24,26.8,31.9,23.1,254,25,26.5,31.1,22.7,63,26,24.4,27.0,22.0,60,27,23.4,26.9,20.3,53,28,25.3,30.7,22.7,55,29,27.4,33.6,24.2,36,30,27.3,32.7,23.0,229
屏東縣,枋山地區,2013,4,3,265.3,73.2,11,22.7,26.6,20.9,55,12,22.4,25.2,21.2,62,13,23.1,26.9,21.4,56,14,24.3,28.4,20.4,50,15,25.1,30.0,22.4,54,16,25.7,30.7,21.6,47,17,26.2,30.4,23.3,275,18,26.4,30.7,23.7,252,19,25.8,30.4,22.3,50,20,26.5,31.3,22.0,303
屏東縣,枋山地區,2013,4,2,73.2,29.8,1,25.8,30.3,23.1,62,2,24.7,30.9,21.0,61,3,23.2,26.9,21.6,57,4,26.8,34.3,22.7,46,5,26.3,29.3,22.6,232,6,23.7,27.3,20.6,56,7,19.5,21.2,18.3,60,8,22.1,26.2,19.5,46,9,24.5,29.9,20.7,44,10,23.5,27.6,21.3,57
屏東縣,枋山地區,2013,4,1,29.8,4.2,21,25.5,29.8,24.0,42,22,25.5,31.1,21.3,35,23,26.5,32.3,21.8,46,24,25.9,31.6,22.4,302,25,23.3,26.0,21.2,64,26,25.1,30.6,21.9,57,27,25.5,30.7,20.9,55,28,25.9,30.7,22.5,254,29,26.1,31.0,23.4,56,30,25.5,30.0,23.0,58
屏東縣,枋山地區,2013,3,3,4.2,3.3,11,24.0,28.9,22.2,60,12,25.0,29.7,20.9,33,13,25.6,31.4,21.7,35,14,21.6,24.7,20.5,54,15,22.5,27.9,20.3,63,16,23.8,29.7,20.3,31,17,25.7,32.0,22.6,51,18,25.7,29.2,22.9,264,19,24.8,29.6,21.3,253,20,25.0,30.5,19.8,128
屏東縣,枋山地區,2013,3,2,3.3,2.2,1,24.7,28.8,19.8,33,2,20.9,24.7,17.9,55,3,19.8,24.5,18.6,51,4,19.0,21.4,17.2,56,5,20.4,24.5,17.8,55,6,22.5,27.9,19.2,53,7,21.6,X,-0.1,31,8,22.7,29.5,17.6,54,9,23.4,30.4,18.0,47,10,23.8,30.2,17.7,55
屏東縣,枋山地區,2013,3,1,2.2,2.1,21,23.1,27.7,20.1,39,22,22.3,26.6,19.3,312,23,22.5,26.3,20.7,47,24,21.7,24.6,19.7,54,25,23.6,27.8,21.4,59,26,24.3,28.1,21.6,50,27,24.6,29.9,19.7,44,28,24.7,29.4,21.9,53
屏東縣,枋山地區,2013,2,3,2.1,2.1,11,21.9,26.8,17.4,24,12,23.8,27.7,19.3,308,13,22.3,25.3,21.2,55,14,23.7,27.0,21.7,43,15,23.6,28.4,19.3,59,16,22.4,25.9,20.7,54,17,23.8,28.4,20.8,47,18,25.5,32.7,20.8,37,19,23.6,29.7,20.0,53,20,21.9,25.9,20.2,56
屏東縣,枋山地區,2013,2,2,2.1,1.1,1,23.9,28.1,22.0,41,2,23.9,26.4,22.4,50,3,24.5,28.0,21.7,56,4,24.9,30.7,20.3,48,5,24.9,29.1,21.5,46,6,25.6,30.8,23.5,53,7,24.3,30.2,20.5,48,8,21.8,25.1,19.7,49,9,21.4,26.1,19.4,49,10,20.4,26.1,15.0,286
屏東縣,枋山地區,2013,2,1,1.1,7.7,21,23.1,26.9,19.7,53,22,23.9,27.4,21.8,38,23,22.6,27.3,19.9,45,24,22.2,25.6,20.4,49,25,21.4,23.8,20.2,45,26,20.1,24.7,16.4,37,27,19.9,23.7,16.0,52,28,19.5,22.7,17.8,50,29,20.7,26.3,16.5,49,30,20.8,24.0,17.7,38
屏東縣,枋山地區,2013,1,3,7.7,13.9,11,21.6,X,X,38,12,21.9,24.3,20.0,55,13,20.6,28.6,16.0,7,14,18.3,22.1,17.6,50,15,19.5,22.7,17.5,49,16,20.0,24.6,15.3,40,17,19.4,24.9,16.0,41,18,17.7,20.4,16.6,49,19,19.5,22.8,16.8,52,20,20.9,24.3,18.9,56
屏東縣,枋山地區,2013,1,2,13.9,5.4,1,20.1,23.3,17.2,32,2,22.8,25.4,19.8,48,3,21.6,24.2,19.8,47,4,21.4,X,X,51,5,22.0,X,X,32,6,23.3,26.3,19.4,314,7,24.3,26.7,21.6,53,8,22.4,24.7,20.1,48,9,21.9,X,X,45,10,21.1,23.7,18.7,47
